<?xml version='1.0' encoding='UTF-8'?>
<content xmlns:SOAP-ENV="http://schemas.xmlsoap.org/soap/envelope/" xmlns:SOAP-ENC="http://schemas.xmlsoap.org/soap/encoding/" xmlns:xsi="http://www.w3.org/2001/XMLSchema-instance" xmlns:xsd="http://www.w3.org/2001/XMLSchema" xmlns:bus="http://developer.cognos.com/schemas/bibus/3/" xmlns:cm="http://developer.cognos.com/schemas/bibus/3/">
	<cmBuildNumber>11.1.7.44</cmBuildNumber>
	<edition>Enterprise</edition>
	<archiveVersion>7</archiveVersion>
	<exportedPackages>
		<item>
			<filename>package1.xml</filename>
			<searchPath>storeID(&apos;iBFE05D030A714BB2A4FB0FFF1CABB19B&apos;)</searchPath>
			<objectClass>package</objectClass>
			<name>
				<item>
					<locale xsi:type="xsd:string">nl</locale>
					<value xsi:type="xsd:string">iSpiegel</value>
				</item>
			</name>
			<ancestors>
				<item>
					<objectClass>content</objectClass>
					<searchPath>/content</searchPath>
					<name>
						<item xsi:type="cm:multilingualToken">
							<locale xsi:type="xsd:string">tr</locale>
							<value xsi:type="xsd:string">Ekip İçeriği</value>
						</item>
						<item xsi:type="cm:multilingualToken">
							<locale xsi:type="xsd:string">en</locale>
							<value xsi:type="xsd:string">Team Content</value>
						</item>
						<item xsi:type="cm:multilingualToken">
							<locale xsi:type="xsd:string">ca</locale>
							<value xsi:type="xsd:string">Contingut d&apos;equip</value>
						</item>
						<item xsi:type="cm:multilingualToken">
							<locale xsi:type="xsd:string">cs</locale>
							<value xsi:type="xsd:string">Obsah tým</value>
						</item>
						<item xsi:type="cm:multilingualToken">
							<locale xsi:type="xsd:string">da</locale>
							<value xsi:type="xsd:string">Teamindhold</value>
						</item>
						<item xsi:type="cm:multilingualToken">
							<locale xsi:type="xsd:string">de</locale>
							<value xsi:type="xsd:string">Teaminhalte</value>
						</item>
						<item xsi:type="cm:multilingualToken">
							<locale xsi:type="xsd:string">el</locale>
							<value xsi:type="xsd:string">Περιεχόμενο ομάδας</value>
						</item>
						<item xsi:type="cm:multilingualToken">
							<locale xsi:type="xsd:string">es</locale>
							<value xsi:type="xsd:string">Contenido del equipo</value>
						</item>
						<item xsi:type="cm:multilingualToken">
							<locale xsi:type="xsd:string">fi</locale>
							<value xsi:type="xsd:string">Työryhmän sisältö</value>
						</item>
						<item xsi:type="cm:multilingualToken">
							<locale xsi:type="xsd:string">fr</locale>
							<value xsi:type="xsd:string">Contenu de l&apos;équipe</value>
						</item>
						<item xsi:type="cm:multilingualToken">
							<locale xsi:type="xsd:string">hr</locale>
							<value xsi:type="xsd:string">Timski sadržaj</value>
						</item>
						<item xsi:type="cm:multilingualToken">
							<locale xsi:type="xsd:string">hu</locale>
							<value xsi:type="xsd:string">Csoport tartalom</value>
						</item>
						<item xsi:type="cm:multilingualToken">
							<locale xsi:type="xsd:string">id</locale>
							<value xsi:type="xsd:string">Konten Tim</value>
						</item>
						<item xsi:type="cm:multilingualToken">
							<locale xsi:type="xsd:string">it</locale>
							<value xsi:type="xsd:string">Contenuto team</value>
						</item>
						<item xsi:type="cm:multilingualToken">
							<locale xsi:type="xsd:string">ja</locale>
							<value xsi:type="xsd:string">チーム用コンテンツ</value>
						</item>
						<item xsi:type="cm:multilingualToken">
							<locale xsi:type="xsd:string">kk</locale>
							<value xsi:type="xsd:string">Топтық мазмұн</value>
						</item>
						<item xsi:type="cm:multilingualToken">
							<locale xsi:type="xsd:string">ko</locale>
							<value xsi:type="xsd:string">팀 컨텐츠</value>
						</item>
						<item xsi:type="cm:multilingualToken">
							<locale xsi:type="xsd:string">ms</locale>
							<value xsi:type="xsd:string">Kandungan Pasukan</value>
						</item>
						<item xsi:type="cm:multilingualToken">
							<locale xsi:type="xsd:string">nb</locale>
							<value xsi:type="xsd:string">Gruppeinnhold</value>
						</item>
						<item xsi:type="cm:multilingualToken">
							<locale xsi:type="xsd:string">nl</locale>
							<value xsi:type="xsd:string">Teaminhoud</value>
						</item>
						<item xsi:type="cm:multilingualToken">
							<locale xsi:type="xsd:string">no</locale>
							<value xsi:type="xsd:string">Gruppeinnhold</value>
						</item>
						<item xsi:type="cm:multilingualToken">
							<locale xsi:type="xsd:string">pl</locale>
							<value xsi:type="xsd:string">Treść zespołu</value>
						</item>
						<item xsi:type="cm:multilingualToken">
							<locale xsi:type="xsd:string">pt</locale>
							<value xsi:type="xsd:string">Conteúdo da Equipe</value>
						</item>
						<item xsi:type="cm:multilingualToken">
							<locale xsi:type="xsd:string">ro</locale>
							<value xsi:type="xsd:string">Conţinut echipă</value>
						</item>
						<item xsi:type="cm:multilingualToken">
							<locale xsi:type="xsd:string">ru</locale>
							<value xsi:type="xsd:string">Содержимое команды</value>
						</item>
						<item xsi:type="cm:multilingualToken">
							<locale xsi:type="xsd:string">sk</locale>
							<value xsi:type="xsd:string">Tímový obsah</value>
						</item>
						<item xsi:type="cm:multilingualToken">
							<locale xsi:type="xsd:string">sl</locale>
							<value xsi:type="xsd:string">Vsebina ekipe</value>
						</item>
						<item xsi:type="cm:multilingualToken">
							<locale xsi:type="xsd:string">sv</locale>
							<value xsi:type="xsd:string">Teaminnehåll</value>
						</item>
						<item xsi:type="cm:multilingualToken">
							<locale xsi:type="xsd:string">th</locale>
							<value xsi:type="xsd:string">เนื้อหาทีม</value>
						</item>
						<item xsi:type="cm:multilingualToken">
							<locale xsi:type="xsd:string">zh-cn</locale>
							<value xsi:type="xsd:string">团队内容</value>
						</item>
						<item xsi:type="cm:multilingualToken">
							<locale xsi:type="xsd:string">zh-hk</locale>
							<value xsi:type="xsd:string">團隊內容</value>
						</item>
						<item xsi:type="cm:multilingualToken">
							<locale xsi:type="xsd:string">zh-mo</locale>
							<value xsi:type="xsd:string">團隊內容</value>
						</item>
						<item xsi:type="cm:multilingualToken">
							<locale xsi:type="xsd:string">zh-sg</locale>
							<value xsi:type="xsd:string">团队内容</value>
						</item>
						<item xsi:type="cm:multilingualToken">
							<locale xsi:type="xsd:string">zh-tw</locale>
							<value xsi:type="xsd:string">團隊內容</value>
						</item>
					</name>
				</item>
				<item>
					<objectClass>folder</objectClass>
					<searchPath>/content/folder[@name=&apos;Werkmappen&apos;]</searchPath>
					<name>
						<item xsi:type="cm:multilingualToken">
							<locale xsi:type="xsd:string">en</locale>
							<value xsi:type="xsd:string">Werkmappen</value>
						</item>
					</name>
				</item>
				<item>
					<objectClass>folder</objectClass>
					<searchPath>/content/folder[@name=&apos;Werkmappen&apos;]/folder[@name=&apos;NF - Informatieadvies Gegevens &amp; Applicaties&apos;]</searchPath>
					<name>
						<item xsi:type="cm:multilingualToken">
							<locale xsi:type="xsd:string">nl</locale>
							<value xsi:type="xsd:string">NF - Informatieadvies Gegevens &amp; Applicaties</value>
						</item>
					</name>
				</item>
				<item>
					<objectClass>folder</objectClass>
					<searchPath>/content/folder[@name=&apos;Werkmappen&apos;]/folder[@name=&apos;NF - Informatieadvies Gegevens &amp; Applicaties&apos;]/folder[@name=&apos;Ontwikkeling - iSpiegel&apos;]</searchPath>
					<name>
						<item xsi:type="cm:multilingualToken">
							<locale xsi:type="xsd:string">nl</locale>
							<value xsi:type="xsd:string">Ontwikkeling - iSpiegel</value>
						</item>
					</name>
				</item>
				<item>
					<objectClass>folder</objectClass>
					<searchPath>/content/folder[@name=&apos;Werkmappen&apos;]/folder[@name=&apos;NF - Informatieadvies Gegevens &amp; Applicaties&apos;]/folder[@name=&apos;Ontwikkeling - iSpiegel&apos;]/folder[@name=&apos;Release&apos;]</searchPath>
					<name>
						<item xsi:type="cm:multilingualToken">
							<locale xsi:type="xsd:string">nl</locale>
							<value xsi:type="xsd:string">Release</value>
						</item>
					</name>
				</item>
			</ancestors>
		</item>
	</exportedPackages>
	<plugins>
		<item>
			<pluginName>CM_FixMonitorOptionGUID</pluginName>
			<pluginVersion>1.001</pluginVersion>
		</item>
		<item>
			<pluginName>CM_internal</pluginName>
			<pluginVersion>11.022</pluginVersion>
		</item>
		<item>
			<pluginName>CM_FixLicenseRoles</pluginName>
			<pluginVersion>1.005</pluginVersion>
		</item>
		<item>
			<pluginName>QS_QSMiniQuery</pluginName>
			<pluginVersion>2.002</pluginVersion>
		</item>
		<item>
			<pluginName>CPS_UpgradePortletNames</pluginName>
			<pluginVersion>3.004</pluginVersion>
		</item>
		<item>
			<pluginName>CPS_portalPage</pluginName>
			<pluginVersion>3.002</pluginVersion>
		</item>
		<item>
			<pluginName>CPS_UpgradeCogadminTabSequence</pluginName>
			<pluginVersion>3.006</pluginVersion>
		</item>
		<item>
			<pluginName>CM_InitMessages</pluginName>
			<pluginVersion>10.004</pluginVersion>
		</item>
		<item>
			<pluginName>FM_Model</pluginName>
			<pluginVersion>3.001</pluginVersion>
		</item>
		<item>
			<pluginName>CM_FixTenantsContentConflictResolutionOption</pluginName>
			<pluginVersion>1.001</pluginVersion>
		</item>
		<item>
			<pluginName>CPS_UpgradePortletNamesColorado</pluginName>
			<pluginVersion>3.005</pluginVersion>
		</item>
		<item>
			<pluginName>CM_internal_Optional</pluginName>
			<pluginVersion>5.003</pluginVersion>
		</item>
		<item>
			<pluginName>CM_FixContentTaskOptionType</pluginName>
			<pluginVersion>1.001</pluginVersion>
		</item>
		<item>
			<pluginName>CM_UpgradeExecutionPrompt</pluginName>
			<pluginVersion>1.001</pluginVersion>
		</item>
		<item>
			<pluginName>CPS_UpgradeCogadminTabSequenceDanube</pluginName>
			<pluginVersion>3.007</pluginVersion>
		</item>
		<item>
			<pluginName>CONFIG_DeployUiTheme</pluginName>
			<pluginVersion>11.1</pluginVersion>
		</item>
		<item>
			<pluginName>RSpecUpgrade_RSpecUpgrade</pluginName>
			<pluginVersion>14.0</pluginVersion>
		</item>
		<item>
			<pluginName>CPS_WSRPPortletToFragmentUpgrade</pluginName>
			<pluginVersion>3.003</pluginVersion>
		</item>
		<item>
			<pluginName>CPS_UpgradePortletNamesDanube</pluginName>
			<pluginVersion>3.008</pluginVersion>
		</item>
		<item>
			<pluginName>CPS_UpgradePortletsTitan</pluginName>
			<pluginVersion>3.009</pluginVersion>
		</item>
		<item>
			<pluginName>ANS_ANSHighLeveSpec</pluginName>
			<pluginVersion>2.002</pluginVersion>
		</item>
	</plugins>
</content>
