<?xml version="1.0" encoding="UTF-8" ?>
<bmtcustomdata><namespace name="visuals"><object name="[]"><property name="BMTFW_Layout_Version">long:64</property><property name="BMTFW_Layout"><![CDATA[string:[Database laag].[ISPIEGEL_CONTROLE]
	dx=193,172
	expanded=t
	parent=Database laag
	x=13,202
[Database laag].[ISPIEGEL_DATABRON]
	dx=177,154
	expanded=t
	parent=Database laag
	x=238,27
[Database laag].[ISPIEGEL_OUTPUT]
	dx=203,424
	expanded=t
	parent=Database laag
	x=456,25
[Database laag].[ISPIEGEL_OUTPUTLINE]
	dx=195,262
	expanded=t
	parent=Database laag
	x=681,24
[Database laag].[ISPIEGEL_VERGELIJKING]
	dx=196,172
	expanded=t
	parent=Database laag
	x=11,21
[ML_Resultaat].[Rechten]
	dx=115,82
	expanded=t
	parent=ML_Resultaat
	x=296,48
[Database laag]
	c=89c6fd
	dx=470,619
	expanded=t
	parent=iSpiegel
	view=0,0
	x=10,824
	zoom=1.000000
[Model laag].[Filters]
	c=9bdfc4
	dx=110,37
	expanded=t
	parent=Model laag
	view=0,0
	x=44,523
	zoom=1.000000
[ML_Input].[Controle]
	dx=112,172
	expanded=t
	parent=ML_Input
	x=23,293
[ML_Input].[Databron]
	dx=117,154
	expanded=t
	parent=ML_Input
	x=223,165
[ML_Input].[Vergelijking]
	dx=161,172
	expanded=t
	parent=ML_Input
	x=11,28
[ML_Input]
	c=d8a77d
	dx=350,475
	expanded=t
	parent=Model laag
	view=0,0
	x=10,28
	zoom=1.000000
[ML_Resultaat].[Output]
	dx=152,442
	expanded=t
	parent=ML_Resultaat
	x=52,53
[ML_Resultaat].[Outputline]
	dx=168,262
	expanded=t
	parent=ML_Resultaat
	x=297,269
[ML_Resultaat]
	c=89c6fd
	dx=465,505
	expanded=t
	parent=Model laag
	view=0,0
	x=455,26
	zoom=1.000000
[Model laag]
	c=99b2c7
	dx=896,472
	expanded=t
	parent=iSpiegel
	view=0,0
	x=1192,57
	zoom=1.000000
[PL_Filters]
	c=9bdfc4
	dx=110,37
	expanded=t
	parent=Presentatie laag
	x=10,57
[PL_Input]
	c=d8a77d
	dx=110,37
	expanded=t
	parent=Presentatie laag
	x=160,57
[PL_Resultaat]
	c=89c6fd
	dx=110,37
	expanded=t
	parent=Presentatie laag
	x=10,121
[Presentatie laag]
	view=0,0
	zoom=1.000000
[iSpiegel]
	view=0,0
	zoom=1.000000
[].[packages].[iSpiegel]
	c=99f7ff
	dx=110,37
	expanded=t
	parent=Pakketten
	x=10,57
[].[packages]
	view=0,0
	zoom=1.000000
[]
	Notation=4
	ShowGrid=1
	Snap=1
	font=Arial Narrow
	lod=33
	tc=323232
	viewStyle=2
]]></property></object></namespace></bmtcustomdata>
