<?xml version="1.0" encoding="UTF-8" ?>
<!--
 Licensed Materials - Property of IBM

 IBM Cognos Products: fmmd

 (C) Copyright IBM Corp. 2003, 2016

 US Government Users Restricted Rights - Use, duplication or disclosure
 restricted by GSA ADP Schedule Contract with IBM Corp.
-->
<project queryMode="dynamic" xmlns="http://www.developer.cognos.com/schemas/bmt/60/12" xmlns:xsi="http://www.w3.org/2001/XMLSchema-instance" xsi:schemaLocation="http://www.developer.cognos.com/schemas/bmt/60/12 BMTModelSpecification.xsd">
	<name>iSpiegel</name>
	<locales>
		<locale>nl</locale>
	</locales>
	<defaultLocale>nl</defaultLocale>
	<namespace>
		<name locale="nl">iSpiegel</name>
		<lastChanged>2019-09-05T09:07:39</lastChanged>
	<lastChangedBy>Have ten, Hans</lastChangedBy><calculation status="valid"><name locale="nl">Versie 2.0</name><lastChanged>2019-10-29T14:48:36</lastChanged><lastChangedBy>Have ten, Hans</lastChangedBy><expression>&apos;&apos;</expression></calculation><namespace><name locale="nl">Database laag</name><lastChanged>2019-09-05T09:08:18</lastChanged><lastChangedBy>Have ten, Hans</lastChangedBy><querySubject status="valid"><name locale="nl">ISPIEGEL_CONTROLE</name><lastChanged>2020-11-24T15:07:37</lastChanged><lastChangedBy>Have ten, Hans</lastChangedBy><definition><dbQuery><sources><dataSourceRef>[].[dataSources].[iSpiegel]</dataSourceRef></sources><sql type="cognos">Select 
	* 
from 
	[iSpiegel].ISPIEGEL_CONTROLE
</sql><tableType>table</tableType></dbQuery></definition><determinants><determinant><name>CONTROLENAAM</name><key><refobj>[Database laag].[ISPIEGEL_CONTROLE].[CONTROLENAAM]</refobj></key><attributes><refobj>[Database laag].[ISPIEGEL_CONTROLE].[DATABRONNAAM]</refobj><refobj>[Database laag].[ISPIEGEL_CONTROLE].[CONTROLEKOLOM]</refobj><refobj>[Database laag].[ISPIEGEL_CONTROLE].[SLEUTELKOLOM]</refobj><refobj>[Database laag].[ISPIEGEL_CONTROLE].[CONTROLEWAARDE]</refobj><refobj>[Database laag].[ISPIEGEL_CONTROLE].[ACTIEF]</refobj><refobj>[Database laag].[ISPIEGEL_CONTROLE].[RAPPORTTYPE]</refobj><refobj>[Database laag].[ISPIEGEL_CONTROLE].[ROLCOGNOSBEKIJKANALYSE]</refobj></attributes><canGroup>false</canGroup><identifiesRow>true</identifiesRow></determinant></determinants><queryItem><name locale="nl">CONTROLENAAM</name><lastChanged>2019-09-05T09:07:38</lastChanged><externalName>CONTROLENAAM</externalName><usage>identifier</usage><datatype>characterLength16</datatype><precision>255</precision><scale>0</scale><size>512</size><nullable>false</nullable><regularAggregate>unsupported</regularAggregate><semiAggregate>unsupported</semiAggregate><collationSequenceLevel>2</collationSequenceLevel></queryItem><queryItem><name locale="nl">DATABRONNAAM</name><lastChanged>2019-09-05T09:07:38</lastChanged><externalName>DATABRONNAAM</externalName><usage>attribute</usage><datatype>characterLength16</datatype><precision>255</precision><scale>0</scale><size>512</size><nullable>true</nullable><regularAggregate>unsupported</regularAggregate><semiAggregate>unsupported</semiAggregate><collationSequenceLevel>2</collationSequenceLevel></queryItem><queryItem><name locale="nl">CONTROLEKOLOM</name><lastChanged>2019-09-05T09:07:38</lastChanged><externalName>CONTROLEKOLOM</externalName><usage>attribute</usage><datatype>characterLength16</datatype><precision>255</precision><scale>0</scale><size>512</size><nullable>true</nullable><regularAggregate>unsupported</regularAggregate><semiAggregate>unsupported</semiAggregate><collationSequenceLevel>2</collationSequenceLevel></queryItem><queryItem><name locale="nl">SLEUTELKOLOM</name><lastChanged>2019-09-05T09:11:05</lastChanged><lastChangedBy>Have ten, Hans</lastChangedBy><externalName>SLEUTELKOLOM</externalName><usage>identifier</usage><datatype>characterLength16</datatype><precision>255</precision><scale>0</scale><size>512</size><nullable>true</nullable><regularAggregate>unsupported</regularAggregate><semiAggregate>unsupported</semiAggregate><collationSequenceLevel>2</collationSequenceLevel></queryItem><queryItem><name locale="nl">CONTROLEWAARDE</name><lastChanged>2019-09-05T09:07:38</lastChanged><externalName>CONTROLEWAARDE</externalName><usage>attribute</usage><datatype>characterLength16</datatype><precision>255</precision><scale>0</scale><size>512</size><nullable>true</nullable><regularAggregate>unsupported</regularAggregate><semiAggregate>unsupported</semiAggregate><collationSequenceLevel>2</collationSequenceLevel></queryItem><queryItem><name locale="nl">ACTIEF</name><lastChanged>2019-09-05T09:08:44</lastChanged><lastChangedBy>Have ten, Hans</lastChangedBy><externalName>ACTIEF</externalName><usage>attribute</usage><datatype>float64</datatype><precision>15</precision><scale>0</scale><size>8</size><nullable>false</nullable><regularAggregate>count</regularAggregate><semiAggregate>unsupported</semiAggregate><collationSequenceLevel>2</collationSequenceLevel></queryItem><queryItem><name locale="nl">RAPPORTTYPE</name><lastChanged>2019-11-13T11:54:31</lastChanged><lastChangedBy>Have ten, Hans</lastChangedBy><externalName>RAPPORTTYPE</externalName><usage>fact</usage><datatype>characterLength16</datatype><precision>255</precision><scale>0</scale><size>512</size><nullable>true</nullable><regularAggregate>sum</regularAggregate><semiAggregate>sum</semiAggregate></queryItem><queryItem><name locale="nl">ROLCOGNOSBEKIJKANALYSE</name><lastChanged>2020-05-29T14:18:59</lastChanged><lastChangedBy>Have ten, Hans</lastChangedBy><externalName>ROLCOGNOSBEKIJKANALYSE</externalName><usage>attribute</usage><datatype>characterLength16</datatype><precision>255</precision><scale>0</scale><size>512</size><nullable>true</nullable><regularAggregate>unsupported</regularAggregate><semiAggregate>unsupported</semiAggregate></queryItem></querySubject><querySubject status="needsReevaluation"><name locale="nl">ISPIEGEL_DATABRON</name><lastChanged>2019-09-05T09:07:38</lastChanged><lastChangedBy>Have ten, Hans</lastChangedBy><definition><dbQuery><sources><dataSourceRef>[].[dataSources].[iSpiegel]</dataSourceRef></sources><sql type="cognos">Select <column>*</column>from<table>[iSpiegel].ISPIEGEL_DATABRON</table></sql><tableType>table</tableType></dbQuery></definition><determinants><determinant><name>DATABRONNAAM</name><key><refobj>[Database laag].[ISPIEGEL_DATABRON].[DATABRONNAAM]</refobj></key><attributes><refobj>[Database laag].[ISPIEGEL_DATABRON].[APPLICATIENAAM]</refobj><refobj>[Database laag].[ISPIEGEL_DATABRON].[CONNECTIONSTRING]</refobj><refobj>[Database laag].[ISPIEGEL_DATABRON].[ESCAPESEQUENCE]</refobj><refobj>[Database laag].[ISPIEGEL_DATABRON].[GEMEENTECODE]</refobj><refobj>[Database laag].[ISPIEGEL_DATABRON].[PROVIDER]</refobj><refobj>[Database laag].[ISPIEGEL_DATABRON].[QUERY]</refobj></attributes><canGroup>false</canGroup><identifiesRow>true</identifiesRow></determinant></determinants><queryItem><name locale="nl">DATABRONNAAM</name><lastChanged>2019-09-05T09:07:38</lastChanged><externalName>DATABRONNAAM</externalName><usage>identifier</usage><datatype>characterLength16</datatype><precision>255</precision><size>512</size><nullable>false</nullable><regularAggregate>unsupported</regularAggregate><semiAggregate>unsupported</semiAggregate><collationSequenceLevel>2</collationSequenceLevel></queryItem><queryItem><name locale="nl">APPLICATIENAAM</name><lastChanged>2019-09-05T09:07:38</lastChanged><externalName>APPLICATIENAAM</externalName><usage>attribute</usage><datatype>characterLength16</datatype><precision>255</precision><size>512</size><nullable>true</nullable><regularAggregate>unsupported</regularAggregate><semiAggregate>unsupported</semiAggregate><collationSequenceLevel>2</collationSequenceLevel></queryItem><queryItem><name locale="nl">GEMEENTECODE</name><lastChanged>2019-09-05T09:07:38</lastChanged><externalName>GEMEENTECODE</externalName><usage>attribute</usage><datatype>characterLength16</datatype><precision>255</precision><size>512</size><nullable>true</nullable><regularAggregate>unsupported</regularAggregate><semiAggregate>unsupported</semiAggregate><collationSequenceLevel>2</collationSequenceLevel></queryItem><queryItem><name locale="nl">PROVIDER</name><lastChanged>2019-09-05T09:07:38</lastChanged><externalName>PROVIDER</externalName><usage>attribute</usage><datatype>characterLength16</datatype><precision>255</precision><size>512</size><nullable>true</nullable><regularAggregate>unsupported</regularAggregate><semiAggregate>unsupported</semiAggregate><collationSequenceLevel>2</collationSequenceLevel></queryItem><queryItem><name locale="nl">CONNECTIONSTRING</name><lastChanged>2019-09-05T09:07:38</lastChanged><externalName>CONNECTIONSTRING</externalName><usage>attribute</usage><datatype>characterLength16</datatype><precision>255</precision><size>512</size><nullable>true</nullable><regularAggregate>unsupported</regularAggregate><semiAggregate>unsupported</semiAggregate><collationSequenceLevel>2</collationSequenceLevel></queryItem><queryItem><name locale="nl">QUERY</name><lastChanged>2019-09-05T09:07:38</lastChanged><externalName>QUERY</externalName><usage>attribute</usage><datatype>textBlob</datatype><size>4</size><nullable>true</nullable><regularAggregate>unsupported</regularAggregate><semiAggregate>unsupported</semiAggregate><unSortable>true</unSortable><collationSequenceLevel>2</collationSequenceLevel></queryItem><queryItem><name locale="nl">ESCAPESEQUENCE</name><lastChanged>2019-09-05T09:07:38</lastChanged><externalName>ESCAPESEQUENCE</externalName><usage>attribute</usage><datatype>characterLength16</datatype><precision>255</precision><size>512</size><nullable>true</nullable><regularAggregate>unsupported</regularAggregate><semiAggregate>unsupported</semiAggregate><collationSequenceLevel>2</collationSequenceLevel></queryItem></querySubject><querySubject status="valid"><name locale="nl">ISPIEGEL_OUTPUT</name><lastChanged>2020-11-19T14:57:46</lastChanged><lastChangedBy>Have ten, Hans</lastChangedBy><definition><dbQuery><sources><dataSourceRef>[].[dataSources].[iSpiegel]</dataSourceRef></sources><sql type="cognos">Select 
	* 
from 
	[iSpiegel].ISPIEGEL_OUTPUT
</sql><filters/><tableType>table</tableType></dbQuery></definition><determinants><determinant><name>OUTPUTID</name><key><refobj>[Database laag].[ISPIEGEL_OUTPUT].[OUTPUTID]</refobj></key><attributes><refobj>[Database laag].[ISPIEGEL_OUTPUT].[TIJDSTIP]</refobj><refobj>[Database laag].[ISPIEGEL_OUTPUT].[VERGELIJKINGNAAM]</refobj><refobj>[Database laag].[ISPIEGEL_OUTPUT].[CONFIGURATIE]</refobj><refobj>[Database laag].[ISPIEGEL_OUTPUT].[REFERENTIENAAM]</refobj><refobj>[Database laag].[ISPIEGEL_OUTPUT].[ANALYSENAAM]</refobj><refobj>[Database laag].[ISPIEGEL_OUTPUT].[REFERENTIEQUERY]</refobj><refobj>[Database laag].[ISPIEGEL_OUTPUT].[ANALYSEQUERY]</refobj><refobj>[Database laag].[ISPIEGEL_OUTPUT].[REFERENTIEAPPLICATIE]</refobj><refobj>[Database laag].[ISPIEGEL_OUTPUT].[ANALYSEAPPLICATIE]</refobj><refobj>[Database laag].[ISPIEGEL_OUTPUT].[REFERENTIEGEMEENTECODE]</refobj><refobj>[Database laag].[ISPIEGEL_OUTPUT].[ANALYSEGEMEENTECODE]</refobj><refobj>[Database laag].[ISPIEGEL_OUTPUT].[PERCENTAGE]</refobj><refobj>[Database laag].[ISPIEGEL_OUTPUT].[REFERENTIEAANTAL]</refobj><refobj>[Database laag].[ISPIEGEL_OUTPUT].[ANALYSEAANTAL]</refobj><refobj>[Database laag].[ISPIEGEL_OUTPUT].[GELIJKAANTAL]</refobj><refobj>[Database laag].[ISPIEGEL_OUTPUT].[AFWIJKINGAANTAL]</refobj><refobj>[Database laag].[ISPIEGEL_OUTPUT].[NIETGEVONDENAANTAL]</refobj><refobj>[Database laag].[ISPIEGEL_OUTPUT].[LOOPTIJD]</refobj><refobj>[Database laag].[ISPIEGEL_OUTPUT].[RAPPORTTYPE]</refobj></attributes><canGroup>false</canGroup><identifiesRow>true</identifiesRow></determinant></determinants><queryItem><name locale="nl">OUTPUTID</name><lastChanged>2019-09-05T09:07:38</lastChanged><externalName>OUTPUTID</externalName><usage>identifier</usage><datatype>float64</datatype><precision>15</precision><scale>0</scale><size>8</size><nullable>false</nullable><regularAggregate>count</regularAggregate><semiAggregate>unsupported</semiAggregate><collationSequenceLevel>2</collationSequenceLevel></queryItem><queryItem><name locale="nl">TIJDSTIP</name><lastChanged>2019-09-05T09:07:38</lastChanged><externalName>TIJDSTIP</externalName><usage>identifier</usage><datatype>dateTime</datatype><precision>0</precision><scale>0</scale><size>12</size><nullable>true</nullable><regularAggregate>unsupported</regularAggregate><semiAggregate>unsupported</semiAggregate><collationSequenceLevel>2</collationSequenceLevel></queryItem><queryItem><name locale="nl">VERGELIJKINGNAAM</name><lastChanged>2019-09-05T09:07:38</lastChanged><externalName>VERGELIJKINGNAAM</externalName><usage>attribute</usage><datatype>characterLength16</datatype><precision>255</precision><scale>0</scale><size>512</size><nullable>true</nullable><regularAggregate>unsupported</regularAggregate><semiAggregate>unsupported</semiAggregate><collationSequenceLevel>2</collationSequenceLevel></queryItem><queryItem><name locale="nl">CONFIGURATIE</name><lastChanged>2019-09-05T09:07:38</lastChanged><externalName>CONFIGURATIE</externalName><usage>attribute</usage><datatype>textBlob</datatype><precision>0</precision><scale>0</scale><size>-1</size><nullable>true</nullable><regularAggregate>unsupported</regularAggregate><semiAggregate>unsupported</semiAggregate><unSortable>true</unSortable><collationSequenceLevel>2</collationSequenceLevel></queryItem><queryItem><name locale="nl">REFERENTIENAAM</name><lastChanged>2019-09-05T09:07:38</lastChanged><externalName>REFERENTIENAAM</externalName><usage>attribute</usage><datatype>characterLength16</datatype><precision>255</precision><scale>0</scale><size>512</size><nullable>true</nullable><regularAggregate>unsupported</regularAggregate><semiAggregate>unsupported</semiAggregate><collationSequenceLevel>2</collationSequenceLevel></queryItem><queryItem><name locale="nl">ANALYSENAAM</name><lastChanged>2019-09-05T09:07:38</lastChanged><externalName>ANALYSENAAM</externalName><usage>attribute</usage><datatype>characterLength16</datatype><precision>255</precision><scale>0</scale><size>512</size><nullable>true</nullable><regularAggregate>unsupported</regularAggregate><semiAggregate>unsupported</semiAggregate><collationSequenceLevel>2</collationSequenceLevel></queryItem><queryItem><name locale="nl">REFERENTIEQUERY</name><lastChanged>2019-09-05T09:07:38</lastChanged><externalName>REFERENTIEQUERY</externalName><usage>attribute</usage><datatype>textBlob</datatype><precision>0</precision><scale>0</scale><size>-1</size><nullable>true</nullable><regularAggregate>unsupported</regularAggregate><semiAggregate>unsupported</semiAggregate><unSortable>true</unSortable><collationSequenceLevel>2</collationSequenceLevel></queryItem><queryItem><name locale="nl">ANALYSEQUERY</name><lastChanged>2019-09-05T09:07:38</lastChanged><externalName>ANALYSEQUERY</externalName><usage>attribute</usage><datatype>textBlob</datatype><precision>0</precision><scale>0</scale><size>-1</size><nullable>true</nullable><regularAggregate>unsupported</regularAggregate><semiAggregate>unsupported</semiAggregate><unSortable>true</unSortable><collationSequenceLevel>2</collationSequenceLevel></queryItem><queryItem><name locale="nl">REFERENTIEAPPLICATIE</name><lastChanged>2019-09-05T09:07:38</lastChanged><externalName>REFERENTIEAPPLICATIE</externalName><usage>attribute</usage><datatype>characterLength16</datatype><precision>255</precision><scale>0</scale><size>512</size><nullable>true</nullable><regularAggregate>unsupported</regularAggregate><semiAggregate>unsupported</semiAggregate><collationSequenceLevel>2</collationSequenceLevel></queryItem><queryItem><name locale="nl">ANALYSEAPPLICATIE</name><lastChanged>2019-09-05T09:07:38</lastChanged><externalName>ANALYSEAPPLICATIE</externalName><usage>attribute</usage><datatype>characterLength16</datatype><precision>255</precision><scale>0</scale><size>512</size><nullable>true</nullable><regularAggregate>unsupported</regularAggregate><semiAggregate>unsupported</semiAggregate><collationSequenceLevel>2</collationSequenceLevel></queryItem><queryItem><name locale="nl">REFERENTIEGEMEENTECODE</name><lastChanged>2019-09-05T09:07:38</lastChanged><externalName>REFERENTIEGEMEENTECODE</externalName><usage>attribute</usage><datatype>characterLength16</datatype><precision>255</precision><scale>0</scale><size>512</size><nullable>true</nullable><regularAggregate>unsupported</regularAggregate><semiAggregate>unsupported</semiAggregate><collationSequenceLevel>2</collationSequenceLevel></queryItem><queryItem><name locale="nl">ANALYSEGEMEENTECODE</name><lastChanged>2019-09-05T09:07:38</lastChanged><externalName>ANALYSEGEMEENTECODE</externalName><usage>attribute</usage><datatype>characterLength16</datatype><precision>255</precision><scale>0</scale><size>512</size><nullable>true</nullable><regularAggregate>unsupported</regularAggregate><semiAggregate>unsupported</semiAggregate><collationSequenceLevel>2</collationSequenceLevel></queryItem><queryItem><name locale="nl">PERCENTAGE</name><lastChanged>2019-09-05T09:07:38</lastChanged><externalName>PERCENTAGE</externalName><usage>fact</usage><datatype>float64</datatype><precision>15</precision><scale>0</scale><size>8</size><nullable>true</nullable><regularAggregate>sum</regularAggregate><semiAggregate>sum</semiAggregate><collationSequenceLevel>2</collationSequenceLevel></queryItem><queryItem><name locale="nl">REFERENTIEAANTAL</name><lastChanged>2019-09-05T09:07:38</lastChanged><externalName>REFERENTIEAANTAL</externalName><usage>fact</usage><datatype>float64</datatype><precision>15</precision><scale>0</scale><size>8</size><nullable>true</nullable><regularAggregate>sum</regularAggregate><semiAggregate>sum</semiAggregate><collationSequenceLevel>2</collationSequenceLevel></queryItem><queryItem><name locale="nl">ANALYSEAANTAL</name><lastChanged>2019-09-05T09:07:38</lastChanged><externalName>ANALYSEAANTAL</externalName><usage>fact</usage><datatype>float64</datatype><precision>15</precision><scale>0</scale><size>8</size><nullable>true</nullable><regularAggregate>sum</regularAggregate><semiAggregate>sum</semiAggregate><collationSequenceLevel>2</collationSequenceLevel></queryItem><queryItem><name locale="nl">GELIJKAANTAL</name><lastChanged>2019-09-05T09:07:38</lastChanged><externalName>GELIJKAANTAL</externalName><usage>fact</usage><datatype>float64</datatype><precision>15</precision><scale>0</scale><size>8</size><nullable>true</nullable><regularAggregate>sum</regularAggregate><semiAggregate>sum</semiAggregate><collationSequenceLevel>2</collationSequenceLevel></queryItem><queryItem><name locale="nl">AFWIJKINGAANTAL</name><lastChanged>2019-09-05T09:07:38</lastChanged><externalName>AFWIJKINGAANTAL</externalName><usage>fact</usage><datatype>float64</datatype><precision>15</precision><scale>0</scale><size>8</size><nullable>true</nullable><regularAggregate>sum</regularAggregate><semiAggregate>sum</semiAggregate><collationSequenceLevel>2</collationSequenceLevel></queryItem><queryItem><name locale="nl">NIETGEVONDENAANTAL</name><lastChanged>2019-09-05T09:07:38</lastChanged><externalName>NIETGEVONDENAANTAL</externalName><usage>fact</usage><datatype>float64</datatype><precision>15</precision><scale>0</scale><size>8</size><nullable>true</nullable><regularAggregate>sum</regularAggregate><semiAggregate>sum</semiAggregate><collationSequenceLevel>2</collationSequenceLevel></queryItem><queryItem><name locale="nl">LOOPTIJD</name><lastChanged>2019-09-05T09:07:38</lastChanged><externalName>LOOPTIJD</externalName><usage>fact</usage><datatype>float64</datatype><precision>15</precision><scale>0</scale><size>8</size><nullable>true</nullable><regularAggregate>sum</regularAggregate><semiAggregate>sum</semiAggregate><collationSequenceLevel>2</collationSequenceLevel></queryItem><queryItem><name locale="nl">RAPPORTTYPE</name><lastChanged>2019-11-13T11:55:00</lastChanged><lastChangedBy>Have ten, Hans</lastChangedBy><externalName>RAPPORTTYPE</externalName><usage>fact</usage><datatype>characterLength16</datatype><precision>255</precision><scale>0</scale><size>512</size><nullable>true</nullable><regularAggregate>sum</regularAggregate><semiAggregate>sum</semiAggregate></queryItem></querySubject><querySubject status="needsReevaluation"><name locale="nl">ISPIEGEL_OUTPUTLINE</name><lastChanged>2019-09-05T09:07:38</lastChanged><lastChangedBy>Have ten, Hans</lastChangedBy><definition><dbQuery><sources><dataSourceRef>[].[dataSources].[iSpiegel]</dataSourceRef></sources><sql type="cognos">Select <column>*</column>from<table>[iSpiegel].ISPIEGEL_OUTPUTLINE</table></sql><tableType>table</tableType></dbQuery></definition><determinants><determinant><name>OUTPUTID_REGELNUMMER</name><key><refobj>[Database laag].[ISPIEGEL_OUTPUTLINE].[OUTPUTID]</refobj><refobj>[Database laag].[ISPIEGEL_OUTPUTLINE].[REGELNUMMER]</refobj></key><attributes><refobj>[Database laag].[ISPIEGEL_OUTPUTLINE].[ANALYSEREGEL]</refobj><refobj>[Database laag].[ISPIEGEL_OUTPUTLINE].[ANALYSESLEUTELWAARDE]</refobj><refobj>[Database laag].[ISPIEGEL_OUTPUTLINE].[ANALYSEVELDWAARDE]</refobj><refobj>[Database laag].[ISPIEGEL_OUTPUTLINE].[ANALYSEWAARDE]</refobj><refobj>[Database laag].[ISPIEGEL_OUTPUTLINE].[CONTROLE]</refobj><refobj>[Database laag].[ISPIEGEL_OUTPUTLINE].[REFERENTIEREGEL]</refobj><refobj>[Database laag].[ISPIEGEL_OUTPUTLINE].[REFERENTIESLEUTELWAARDE]</refobj><refobj>[Database laag].[ISPIEGEL_OUTPUTLINE].[REFERENTIEVELDWAARDE]</refobj><refobj>[Database laag].[ISPIEGEL_OUTPUTLINE].[REFERENTIEWAARDE]</refobj><refobj>[Database laag].[ISPIEGEL_OUTPUTLINE].[SLEUTEL]</refobj><refobj>[Database laag].[ISPIEGEL_OUTPUTLINE].[STATUS]</refobj></attributes><canGroup>false</canGroup><identifiesRow>true</identifiesRow></determinant></determinants><queryItem><name locale="nl">OUTPUTID</name><lastChanged>2019-09-05T09:07:38</lastChanged><externalName>OUTPUTID</externalName><usage>identifier</usage><datatype>float64</datatype><size>8</size><nullable>false</nullable><regularAggregate>count</regularAggregate><semiAggregate>unsupported</semiAggregate><collationSequenceLevel>2</collationSequenceLevel></queryItem><queryItem><name locale="nl">REGELNUMMER</name><lastChanged>2019-09-05T09:07:38</lastChanged><externalName>REGELNUMMER</externalName><usage>identifier</usage><datatype>float64</datatype><size>8</size><nullable>false</nullable><regularAggregate>count</regularAggregate><semiAggregate>unsupported</semiAggregate><collationSequenceLevel>2</collationSequenceLevel></queryItem><queryItem><name locale="nl">STATUS</name><lastChanged>2019-09-05T09:07:38</lastChanged><externalName>STATUS</externalName><usage>attribute</usage><datatype>characterLength16</datatype><precision>255</precision><size>512</size><nullable>true</nullable><regularAggregate>unsupported</regularAggregate><semiAggregate>unsupported</semiAggregate><collationSequenceLevel>2</collationSequenceLevel></queryItem><queryItem><name locale="nl">CONTROLE</name><lastChanged>2019-09-05T09:07:38</lastChanged><externalName>CONTROLE</externalName><usage>attribute</usage><datatype>characterLength16</datatype><precision>255</precision><size>512</size><nullable>true</nullable><regularAggregate>unsupported</regularAggregate><semiAggregate>unsupported</semiAggregate><collationSequenceLevel>2</collationSequenceLevel></queryItem><queryItem><name locale="nl">ANALYSESLEUTELWAARDE</name><lastChanged>2019-09-05T09:07:38</lastChanged><externalName>ANALYSESLEUTELWAARDE</externalName><usage>attribute</usage><datatype>characterLength16</datatype><precision>255</precision><size>512</size><nullable>true</nullable><regularAggregate>unsupported</regularAggregate><semiAggregate>unsupported</semiAggregate><collationSequenceLevel>2</collationSequenceLevel></queryItem><queryItem><name locale="nl">ANALYSEVELDWAARDE</name><lastChanged>2019-09-05T09:07:38</lastChanged><externalName>ANALYSEVELDWAARDE</externalName><usage>attribute</usage><datatype>characterLength16</datatype><precision>255</precision><size>512</size><nullable>true</nullable><regularAggregate>unsupported</regularAggregate><semiAggregate>unsupported</semiAggregate><collationSequenceLevel>2</collationSequenceLevel></queryItem><queryItem><name locale="nl">REFERENTIESLEUTELWAARDE</name><lastChanged>2019-09-05T09:07:38</lastChanged><externalName>REFERENTIESLEUTELWAARDE</externalName><usage>attribute</usage><datatype>characterLength16</datatype><precision>255</precision><size>512</size><nullable>true</nullable><regularAggregate>unsupported</regularAggregate><semiAggregate>unsupported</semiAggregate><collationSequenceLevel>2</collationSequenceLevel></queryItem><queryItem><name locale="nl">REFERENTIEVELDWAARDE</name><lastChanged>2019-09-05T09:07:38</lastChanged><externalName>REFERENTIEVELDWAARDE</externalName><usage>attribute</usage><datatype>characterLength16</datatype><precision>255</precision><size>512</size><nullable>true</nullable><regularAggregate>unsupported</regularAggregate><semiAggregate>unsupported</semiAggregate><collationSequenceLevel>2</collationSequenceLevel></queryItem><queryItem><name locale="nl">SLEUTEL</name><lastChanged>2019-09-05T09:07:38</lastChanged><externalName>SLEUTEL</externalName><usage>attribute</usage><datatype>textBlob</datatype><size>4</size><nullable>true</nullable><regularAggregate>unsupported</regularAggregate><semiAggregate>unsupported</semiAggregate><unSortable>true</unSortable><collationSequenceLevel>2</collationSequenceLevel></queryItem><queryItem><name locale="nl">ANALYSEWAARDE</name><lastChanged>2019-09-05T09:07:38</lastChanged><externalName>ANALYSEWAARDE</externalName><usage>attribute</usage><datatype>textBlob</datatype><size>4</size><nullable>true</nullable><regularAggregate>unsupported</regularAggregate><semiAggregate>unsupported</semiAggregate><unSortable>true</unSortable><collationSequenceLevel>2</collationSequenceLevel></queryItem><queryItem><name locale="nl">REFERENTIEWAARDE</name><lastChanged>2019-09-05T09:07:38</lastChanged><externalName>REFERENTIEWAARDE</externalName><usage>attribute</usage><datatype>textBlob</datatype><size>4</size><nullable>true</nullable><regularAggregate>unsupported</regularAggregate><semiAggregate>unsupported</semiAggregate><unSortable>true</unSortable><collationSequenceLevel>2</collationSequenceLevel></queryItem><queryItem><name locale="nl">ANALYSEREGEL</name><lastChanged>2019-09-05T09:07:38</lastChanged><externalName>ANALYSEREGEL</externalName><usage>attribute</usage><datatype>textBlob</datatype><size>4</size><nullable>true</nullable><regularAggregate>unsupported</regularAggregate><semiAggregate>unsupported</semiAggregate><unSortable>true</unSortable><collationSequenceLevel>2</collationSequenceLevel></queryItem><queryItem><name locale="nl">REFERENTIEREGEL</name><lastChanged>2019-09-05T09:07:38</lastChanged><externalName>REFERENTIEREGEL</externalName><usage>attribute</usage><datatype>textBlob</datatype><size>4</size><nullable>true</nullable><regularAggregate>unsupported</regularAggregate><semiAggregate>unsupported</semiAggregate><unSortable>true</unSortable><collationSequenceLevel>2</collationSequenceLevel></queryItem></querySubject><querySubject status="valid"><name locale="nl">ISPIEGEL_RECHTEN_SQL</name><lastChanged>2020-05-26T11:16:29</lastChanged><lastChangedBy>Have ten, Hans</lastChangedBy><definition><dbQuery><sources><dataSourceRef>[].[dataSources].[iSpiegel]</dataSourceRef></sources><sql type="cognos">Select	VERGELIJKINGNAAM,
	ROLCOGNOSBEKIJKANALYSE,
	ROLCOGNOSBEKIJKREFERENTIE
From	ISPIEGEL_VERGELIJKING
union

Select	CONTROLENAAM,
	ROLCOGNOSBEKIJKANALYSE,
	null
From	ISPIEGEL_CONTROLE</sql><tableType>table</tableType></dbQuery></definition><determinants/><queryItem><name locale="nl">VERGELIJKINGNAAM</name><lastChanged>2020-05-29T14:48:42</lastChanged><lastChangedBy>Have ten, Hans</lastChangedBy><externalName>VERGELIJKINGNAAM</externalName><datatype>characterLength16</datatype><precision>255</precision><scale>0</scale><size>512</size><nullable>false</nullable></queryItem><queryItem><name locale="nl">ROLCOGNOSBEKIJKANALYSE</name><lastChanged>2020-05-29T14:48:42</lastChanged><lastChangedBy>Have ten, Hans</lastChangedBy><externalName>ROLCOGNOSBEKIJKANALYSE</externalName><datatype>characterLength16</datatype><precision>255</precision><scale>0</scale><size>512</size><nullable>true</nullable></queryItem><queryItem><name locale="nl">ROLCOGNOSBEKIJKREFERENTIE</name><lastChanged>2020-05-29T14:48:42</lastChanged><lastChangedBy>Have ten, Hans</lastChangedBy><externalName>ROLCOGNOSBEKIJKREFERENTIE</externalName><datatype>characterLength16</datatype><precision>255</precision><scale>0</scale><size>512</size><nullable>true</nullable></queryItem></querySubject><querySubject status="valid"><name locale="nl">ISPIEGEL_VERGELIJKING</name><lastChanged>2020-11-24T14:53:37</lastChanged><lastChangedBy>Have ten, Hans</lastChangedBy><definition><dbQuery><sources><dataSourceRef>[].[dataSources].[iSpiegel]</dataSourceRef></sources><sql type="cognos">Select 
	* 
from 
	[iSpiegel].ISPIEGEL_VERGELIJKING

</sql><tableType>table</tableType></dbQuery></definition><determinants><determinant><name>VERGELIJKINGNAAM</name><key><refobj>[Database laag].[ISPIEGEL_VERGELIJKING].[VERGELIJKINGNAAM]</refobj></key><attributes><refobj>[Database laag].[ISPIEGEL_VERGELIJKING].[ACTIEF]</refobj><refobj>[Database laag].[ISPIEGEL_VERGELIJKING].[ANALYSEDATABRONNAAM]</refobj><refobj>[Database laag].[ISPIEGEL_VERGELIJKING].[RAPPORTTYPE]</refobj><refobj>[Database laag].[ISPIEGEL_VERGELIJKING].[REFERENTIEDATABRONNAAM]</refobj><refobj>[Database laag].[ISPIEGEL_VERGELIJKING].[VELDTOEWIJZING]</refobj><refobj>[Database laag].[ISPIEGEL_VERGELIJKING].[ROLCOGNOSBEKIJKREFERENTIE]</refobj><refobj>[Database laag].[ISPIEGEL_VERGELIJKING].[ROLCOGNOSBEKIJKANALYSE]</refobj></attributes><canGroup>false</canGroup><identifiesRow>true</identifiesRow></determinant></determinants><queryItem><name locale="nl">VERGELIJKINGNAAM</name><lastChanged>2019-09-05T09:07:38</lastChanged><externalName>VERGELIJKINGNAAM</externalName><usage>identifier</usage><datatype>characterLength16</datatype><precision>255</precision><scale>-1</scale><size>512</size><nullable>false</nullable><regularAggregate>unsupported</regularAggregate><semiAggregate>unsupported</semiAggregate><collationSequenceLevel>2</collationSequenceLevel></queryItem><queryItem><name locale="nl">REFERENTIEDATABRONNAAM</name><lastChanged>2019-09-05T09:07:38</lastChanged><externalName>REFERENTIEDATABRONNAAM</externalName><usage>attribute</usage><datatype>characterLength16</datatype><precision>255</precision><scale>-1</scale><size>512</size><nullable>true</nullable><regularAggregate>unsupported</regularAggregate><semiAggregate>unsupported</semiAggregate><collationSequenceLevel>2</collationSequenceLevel></queryItem><queryItem><name locale="nl">ANALYSEDATABRONNAAM</name><lastChanged>2019-09-05T09:07:38</lastChanged><externalName>ANALYSEDATABRONNAAM</externalName><usage>attribute</usage><datatype>characterLength16</datatype><precision>255</precision><scale>-1</scale><size>512</size><nullable>true</nullable><regularAggregate>unsupported</regularAggregate><semiAggregate>unsupported</semiAggregate><collationSequenceLevel>2</collationSequenceLevel></queryItem><queryItem><name locale="nl">VELDTOEWIJZING</name><lastChanged>2019-09-05T09:07:38</lastChanged><externalName>VELDTOEWIJZING</externalName><usage>attribute</usage><datatype>textBlob</datatype><precision>0</precision><scale>-1</scale><size>4</size><nullable>true</nullable><regularAggregate>unsupported</regularAggregate><semiAggregate>unsupported</semiAggregate><unSortable>true</unSortable><collationSequenceLevel>2</collationSequenceLevel></queryItem><queryItem><name locale="nl">ACTIEF</name><lastChanged>2019-09-05T09:13:08</lastChanged><lastChangedBy>Have ten, Hans</lastChangedBy><externalName>ACTIEF</externalName><usage>attribute</usage><datatype>float64</datatype><precision>0</precision><scale>0</scale><size>1</size><nullable>false</nullable><regularAggregate>count</regularAggregate><semiAggregate>unsupported</semiAggregate><collationSequenceLevel>2</collationSequenceLevel></queryItem><queryItem><name locale="nl">RAPPORTTYPE</name><lastChanged>2019-09-05T09:13:12</lastChanged><lastChangedBy>Have ten, Hans</lastChangedBy><externalName>RAPPORTTYPE</externalName><usage>attribute</usage><datatype>characterLength16</datatype><precision>255</precision><scale>-1</scale><size>512</size><nullable>true</nullable><regularAggregate>count</regularAggregate><semiAggregate>unsupported</semiAggregate><collationSequenceLevel>2</collationSequenceLevel></queryItem><queryItem><name locale="nl">ROLCOGNOSBEKIJKANALYSE</name><lastChanged>2020-05-29T14:26:42</lastChanged><lastChangedBy>Have ten, Hans</lastChangedBy><externalName>ROLCOGNOSBEKIJKANALYSE</externalName><usage>attribute</usage><datatype>characterLength16</datatype><precision>255</precision><scale>-1</scale><size>512</size><nullable>true</nullable><regularAggregate>unsupported</regularAggregate><semiAggregate>unsupported</semiAggregate></queryItem><queryItem><name locale="nl">ROLCOGNOSBEKIJKREFERENTIE</name><lastChanged>2020-05-29T14:26:42</lastChanged><lastChangedBy>Have ten, Hans</lastChangedBy><externalName>ROLCOGNOSBEKIJKREFERENTIE</externalName><usage>attribute</usage><datatype>characterLength16</datatype><precision>255</precision><scale>-1</scale><size>512</size><nullable>true</nullable><regularAggregate>unsupported</regularAggregate><semiAggregate>unsupported</semiAggregate></queryItem></querySubject></namespace><namespace><name locale="nl">Model laag</name><lastChanged>2019-09-05T09:13:55</lastChanged><lastChangedBy>Have ten, Hans</lastChangedBy><folder><name locale="nl">Filters</name><lastChanged>2019-09-26T08:27:31</lastChanged><lastChangedBy>Have ten, Hans</lastChangedBy><filter status="valid"><name locale="nl">Maandrun_laatst</name><lastChanged>2019-09-26T08:48:02</lastChanged><lastChangedBy>Have ten, Hans</lastChangedBy><expression>#/* 
Eerst tijdstip verwijderen:  cast( [Output Model].[Output].[Tijdstip]; date )
Dan laatste draaidatum bepalen:  cast( [Output Model].[Output].[Tijdstip]; date )
En daarvan weer de 1e van de maand nemen: _first_of_month maximum ( cast( [Output Model].[Output].[Tijdstip]; date ) for report ) )
*/#

cast( <refobj>[ML_Resultaat].[Output].[Tijdstip]</refobj>; date ) = _first_of_month ( maximum ( cast( <refobj>[ML_Resultaat].[Output].[Tijdstip]</refobj>; date ) for report ) )
</expression></filter><filter status="valid"><name locale="nl">Maandrun_overig</name><lastChanged>2019-09-26T08:48:55</lastChanged><lastChangedBy>Have ten, Hans</lastChangedBy><expression><refobj>[ML_Resultaat].[Output].[Tijdstip]</refobj> &lt; cast( _first_of_month (current_date); date)</expression></filter><filter status="valid"><name locale="nl">Weekrun_laatst</name><lastChanged>2019-10-30T11:56:28</lastChanged><lastChangedBy>Have ten, Hans</lastChangedBy><expression>#/* Alleen alle zondagse (= wekelijkse) vergelijkingen = 1e vd maand er uit tenzij die op een zondag valt */#
_day_of_week ( cast( <refobj>[ML_Resultaat].[Output].[Tijdstip]</refobj> ; date )  ; 1 ) = 7 and
cast( <refobj>[ML_Resultaat].[Output].[Tijdstip]</refobj>;  date ) = maximum ( cast( <refobj>[ML_Resultaat].[Output].[Tijdstip]</refobj> ; date ) for report )

#/* 
Laatst gedraaide week.
--------------------------------------
Eerst tijdstip verwijderen:  cast( [Output Model].[Output].[Tijdstip] ; date )
Laatste draaidatum: maximum ( cast( [Output Model].[Output].[Tijdstip] ; date ) for report )
*/#
</expression></filter><filter status="valid"><name locale="nl">Weekrun_overig</name><lastChanged>2019-10-30T11:56:49</lastChanged><lastChangedBy>Have ten, Hans</lastChangedBy><expression>#/* Alleen alle zondagse (= wekelijkse) vergelijkingen = 1e vd maand er uit tenzij die op een zondag valt */#
_day_of_week ( cast( <refobj>[ML_Resultaat].[Output].[Tijdstip]</refobj>; date )  ; 1 ) = 7 and
cast( <refobj>[ML_Resultaat].[Output].[Tijdstip]</refobj> ; date ) &lt; maximum ( cast( <refobj>[ML_Resultaat].[Output].[Tijdstip]</refobj> ; date ) for report )

#/* 
Laatst gedraaide week.
--------------------------------------
Eerst tijdstip verwijderen:  cast( [Output Model].[Output].[Tijdstip] ; date )
Laatste draaidatum: maximum ( cast( [Output Model].[Output].[Tijdstip] ; date ) for report )
*/#
</expression></filter><filter status="needsReevaluation"><name locale="nl">ToegangsRecht</name><lastChanged>2020-05-29T15:56:17</lastChanged><lastChangedBy>Have ten, Hans</lastChangedBy><expression>#sq(substitute(&apos;,&apos;; &apos;;&apos;; csv( grep( &apos;dbr&apos;; CAMIDListForType(&apos;role&apos;) ) ) ) ) # like &apos;%Beheer%&apos; or
#sq(substitute(&apos;,&apos;; &apos;;&apos;; csv( grep( &apos;dbr&apos;; CAMIDListForType(&apos;role&apos;) ) ) ) ) #  like &apos;%&apos; || <refobj>[ML_Resultaat].[Rechten].[RolCognosBekijkAnalyse]</refobj> || &apos;%&apos; or 
#sq(substitute(&apos;,&apos;; &apos;;&apos;; csv( grep( &apos;dbr&apos;; CAMIDListForType(&apos;role&apos;) ) ) ) ) # like &apos;%&apos; || <refobj>[ML_Resultaat].[Rechten].[RolCognosBekijkReferentie]</refobj> || &apos;%&apos;</expression></filter></folder><namespace><name locale="nl">ML_Input</name><lastChanged>2019-10-11T08:41:35</lastChanged><lastChangedBy>Have ten, Hans</lastChangedBy><querySubject status="needsReevaluation"><name locale="nl">Controle</name><lastChanged>2019-10-29T20:42:20</lastChanged><lastChangedBy>Have ten, Hans</lastChangedBy><definition><modelQuery><sql type="cognos">Select <column>*</column>from<table/></sql></modelQuery></definition><queryItem><name locale="nl">ControleNaam</name><lastChanged>2019-09-24T10:02:17</lastChanged><lastChangedBy>Have ten, Hans</lastChangedBy><expression><refobj>[Database laag].[ISPIEGEL_CONTROLE].[CONTROLENAAM]</refobj></expression><usage>identifier</usage><datatype>characterLength16</datatype><precision>255</precision><size>512</size><regularAggregate>unsupported</regularAggregate><semiAggregate>unsupported</semiAggregate><collationSequenceLevel>2</collationSequenceLevel></queryItem><queryItem><name locale="nl">DatabronNaam</name><lastChanged>2019-09-24T10:02:21</lastChanged><lastChangedBy>Have ten, Hans</lastChangedBy><expression><refobj>[Database laag].[ISPIEGEL_CONTROLE].[DATABRONNAAM]</refobj></expression><usage>attribute</usage><datatype>characterLength16</datatype><precision>255</precision><size>512</size><regularAggregate>unsupported</regularAggregate><semiAggregate>unsupported</semiAggregate><collationSequenceLevel>2</collationSequenceLevel></queryItem><queryItem><name locale="nl">ControleKolom</name><lastChanged>2019-09-24T10:02:25</lastChanged><lastChangedBy>Have ten, Hans</lastChangedBy><expression><refobj>[Database laag].[ISPIEGEL_CONTROLE].[CONTROLEKOLOM]</refobj></expression><usage>attribute</usage><datatype>characterLength16</datatype><precision>255</precision><size>512</size><regularAggregate>unsupported</regularAggregate><semiAggregate>unsupported</semiAggregate><collationSequenceLevel>2</collationSequenceLevel></queryItem><queryItem><name locale="nl">SelutelKolom</name><lastChanged>2019-09-24T10:02:30</lastChanged><lastChangedBy>Have ten, Hans</lastChangedBy><expression><refobj>[Database laag].[ISPIEGEL_CONTROLE].[SLEUTELKOLOM]</refobj></expression><usage>identifier</usage><datatype>characterLength16</datatype><precision>255</precision><size>512</size><regularAggregate>unsupported</regularAggregate><semiAggregate>unsupported</semiAggregate><collationSequenceLevel>2</collationSequenceLevel></queryItem><queryItem><name locale="nl">ControleWaarde</name><lastChanged>2019-09-24T10:02:33</lastChanged><lastChangedBy>Have ten, Hans</lastChangedBy><expression><refobj>[Database laag].[ISPIEGEL_CONTROLE].[CONTROLEWAARDE]</refobj></expression><usage>attribute</usage><datatype>characterLength16</datatype><precision>255</precision><size>512</size><regularAggregate>unsupported</regularAggregate><semiAggregate>unsupported</semiAggregate><collationSequenceLevel>2</collationSequenceLevel></queryItem><queryItem><name locale="nl">Actief</name><lastChanged>2019-09-24T09:55:06</lastChanged><lastChangedBy>Have ten, Hans</lastChangedBy><expression><refobj>[Database laag].[ISPIEGEL_CONTROLE].[ACTIEF]</refobj></expression><usage>attribute</usage><datatype>float64</datatype><size>8</size><regularAggregate>count</regularAggregate><semiAggregate>unsupported</semiAggregate><collationSequenceLevel>2</collationSequenceLevel></queryItem><queryItem><name locale="nl">Rapporttype</name><lastChanged>2020-12-01T10:05:31</lastChanged><lastChangedBy>Have ten, Hans</lastChangedBy><expression><refobj>[Database laag].[ISPIEGEL_CONTROLE].[RAPPORTTYPE]</refobj> </expression><usage>attribute</usage><datatype>characterLength16</datatype><precision>255</precision><scale>0</scale><size>512</size><nullable>true</nullable><regularAggregate>count</regularAggregate><semiAggregate>sum</semiAggregate></queryItem><queryItem><name locale="nl">RolCognosBekijkAnalyse</name><lastChanged>2020-05-29T14:22:41</lastChanged><lastChangedBy>Have ten, Hans</lastChangedBy><expression><refobj>[Database laag].[ISPIEGEL_CONTROLE].[ROLCOGNOSBEKIJKANALYSE]</refobj></expression><usage>attribute</usage><datatype>characterLength16</datatype><precision>255</precision><scale>-1</scale><size>512</size><regularAggregate>unsupported</regularAggregate><semiAggregate>unsupported</semiAggregate></queryItem></querySubject><querySubject status="needsReevaluation"><name locale="nl">Databron</name><lastChanged>2019-10-29T20:42:21</lastChanged><lastChangedBy>Have ten, Hans</lastChangedBy><definition><modelQuery><sql type="cognos">Select <column>*</column>from<table/></sql></modelQuery></definition><queryItem><name locale="nl">DatabronNaam</name><lastChanged>2019-09-24T10:02:09</lastChanged><lastChangedBy>Have ten, Hans</lastChangedBy><expression><refobj>[Database laag].[ISPIEGEL_DATABRON].[DATABRONNAAM]</refobj></expression><usage>identifier</usage><datatype>characterLength16</datatype><precision>255</precision><size>512</size><regularAggregate>unsupported</regularAggregate><semiAggregate>unsupported</semiAggregate><collationSequenceLevel>2</collationSequenceLevel></queryItem><queryItem><name locale="nl">ApplicatieNaam</name><lastChanged>2019-09-24T10:02:06</lastChanged><lastChangedBy>Have ten, Hans</lastChangedBy><expression><refobj>[Database laag].[ISPIEGEL_DATABRON].[APPLICATIENAAM]</refobj></expression><usage>attribute</usage><datatype>characterLength16</datatype><precision>255</precision><size>512</size><regularAggregate>unsupported</regularAggregate><semiAggregate>unsupported</semiAggregate><collationSequenceLevel>2</collationSequenceLevel></queryItem><queryItem><name locale="nl">Gemeentecode</name><lastChanged>2019-09-24T10:04:21</lastChanged><lastChangedBy>Have ten, Hans</lastChangedBy><expression><refobj>[Database laag].[ISPIEGEL_DATABRON].[GEMEENTECODE]</refobj></expression><usage>attribute</usage><datatype>characterLength16</datatype><precision>255</precision><size>512</size><regularAggregate>unsupported</regularAggregate><semiAggregate>unsupported</semiAggregate><collationSequenceLevel>2</collationSequenceLevel></queryItem><queryItem><name locale="nl">Provider</name><lastChanged>2019-09-24T09:55:32</lastChanged><lastChangedBy>Have ten, Hans</lastChangedBy><expression><refobj>[Database laag].[ISPIEGEL_DATABRON].[PROVIDER]</refobj></expression><usage>attribute</usage><datatype>characterLength16</datatype><precision>255</precision><size>512</size><regularAggregate>unsupported</regularAggregate><semiAggregate>unsupported</semiAggregate><collationSequenceLevel>2</collationSequenceLevel></queryItem><queryItem><name locale="nl">ConnectionString</name><lastChanged>2019-09-24T10:02:00</lastChanged><lastChangedBy>Have ten, Hans</lastChangedBy><expression><refobj>[Database laag].[ISPIEGEL_DATABRON].[CONNECTIONSTRING]</refobj></expression><usage>attribute</usage><datatype>characterLength16</datatype><precision>255</precision><size>512</size><regularAggregate>unsupported</regularAggregate><semiAggregate>unsupported</semiAggregate><collationSequenceLevel>2</collationSequenceLevel></queryItem><queryItem><name locale="nl">Query</name><lastChanged>2019-09-26T08:44:13</lastChanged><lastChangedBy>Have ten, Hans</lastChangedBy><expression><refobj>[Database laag].[ISPIEGEL_DATABRON].[QUERY]</refobj></expression><usage>attribute</usage><datatype>textBlob</datatype><size>4</size><regularAggregate>unsupported</regularAggregate><semiAggregate>unsupported</semiAggregate><collationSequenceLevel>2</collationSequenceLevel></queryItem><queryItem><name locale="nl">EscapeSequence</name><lastChanged>2019-09-24T10:01:55</lastChanged><lastChangedBy>Have ten, Hans</lastChangedBy><expression><refobj>[Database laag].[ISPIEGEL_DATABRON].[ESCAPESEQUENCE]</refobj></expression><usage>attribute</usage><datatype>characterLength16</datatype><precision>255</precision><size>512</size><regularAggregate>unsupported</regularAggregate><semiAggregate>unsupported</semiAggregate><collationSequenceLevel>2</collationSequenceLevel></queryItem></querySubject><querySubject status="needsReevaluation"><name locale="nl">Vergelijking</name><lastChanged>2019-10-29T20:42:21</lastChanged><lastChangedBy>Have ten, Hans</lastChangedBy><definition><modelQuery><sql type="cognos">Select <column>*</column>from<table/></sql></modelQuery></definition><queryItem><name locale="nl">VergelijkingNaam</name><lastChanged>2019-09-24T10:02:41</lastChanged><lastChangedBy>Have ten, Hans</lastChangedBy><expression><refobj>[Database laag].[ISPIEGEL_VERGELIJKING].[VERGELIJKINGNAAM]</refobj></expression><usage>identifier</usage><datatype>characterLength16</datatype><precision>255</precision><size>512</size><regularAggregate>unsupported</regularAggregate><semiAggregate>unsupported</semiAggregate><collationSequenceLevel>2</collationSequenceLevel></queryItem><queryItem><name locale="nl">ReferentieDatabronNaam</name><lastChanged>2019-09-24T10:02:48</lastChanged><lastChangedBy>Have ten, Hans</lastChangedBy><expression><refobj>[Database laag].[ISPIEGEL_VERGELIJKING].[REFERENTIEDATABRONNAAM]</refobj></expression><usage>attribute</usage><datatype>characterLength16</datatype><precision>255</precision><size>512</size><regularAggregate>unsupported</regularAggregate><semiAggregate>unsupported</semiAggregate><collationSequenceLevel>2</collationSequenceLevel></queryItem><queryItem><name locale="nl">AnalyseDatabronNaam</name><lastChanged>2019-09-24T10:02:59</lastChanged><lastChangedBy>Have ten, Hans</lastChangedBy><expression><refobj>[Database laag].[ISPIEGEL_VERGELIJKING].[ANALYSEDATABRONNAAM]</refobj></expression><usage>attribute</usage><datatype>characterLength16</datatype><precision>255</precision><size>512</size><regularAggregate>unsupported</regularAggregate><semiAggregate>unsupported</semiAggregate><collationSequenceLevel>2</collationSequenceLevel></queryItem><queryItem><name locale="nl">VeldToewijzing</name><lastChanged>2019-09-26T08:44:33</lastChanged><lastChangedBy>Have ten, Hans</lastChangedBy><expression><refobj>[Database laag].[ISPIEGEL_VERGELIJKING].[VELDTOEWIJZING]</refobj></expression><usage>attribute</usage><datatype>textBlob</datatype><size>4</size><regularAggregate>unsupported</regularAggregate><semiAggregate>unsupported</semiAggregate><collationSequenceLevel>2</collationSequenceLevel></queryItem><queryItem><name locale="nl">Actief</name><lastChanged>2019-09-24T09:56:47</lastChanged><lastChangedBy>Have ten, Hans</lastChangedBy><expression><refobj>[Database laag].[ISPIEGEL_VERGELIJKING].[ACTIEF]</refobj></expression><usage>attribute</usage><datatype>float64</datatype><size>8</size><regularAggregate>count</regularAggregate><semiAggregate>unsupported</semiAggregate><collationSequenceLevel>2</collationSequenceLevel></queryItem><queryItem><name locale="nl">Rapporttype</name><lastChanged>2020-12-01T10:05:39</lastChanged><lastChangedBy>Have ten, Hans</lastChangedBy><expression><refobj>[Database laag].[ISPIEGEL_VERGELIJKING].[RAPPORTTYPE]</refobj> </expression><usage>attribute</usage><datatype>characterLength16</datatype><precision>255</precision><scale>-1</scale><size>512</size><nullable>true</nullable><regularAggregate>count</regularAggregate><semiAggregate>unsupported</semiAggregate><collationSequenceLevel>2</collationSequenceLevel></queryItem><queryItem><name locale="nl">RolCognosBekijkAnalyse</name><lastChanged>2020-05-29T14:23:52</lastChanged><lastChangedBy>Have ten, Hans</lastChangedBy><expression><refobj>[Database laag].[ISPIEGEL_VERGELIJKING].[ROLCOGNOSBEKIJKANALYSE]</refobj></expression><usage>attribute</usage><datatype>characterLength16</datatype><precision>255</precision><scale>0</scale><size>512</size><regularAggregate>unsupported</regularAggregate><semiAggregate>unsupported</semiAggregate></queryItem><queryItem><name locale="nl">RolCognosBekijkReferentie</name><lastChanged>2020-05-29T14:24:07</lastChanged><lastChangedBy>Have ten, Hans</lastChangedBy><expression><refobj>[Database laag].[ISPIEGEL_VERGELIJKING].[ROLCOGNOSBEKIJKREFERENTIE]</refobj></expression><usage>attribute</usage><datatype>characterLength16</datatype><precision>255</precision><scale>0</scale><size>512</size><regularAggregate>unsupported</regularAggregate><semiAggregate>unsupported</semiAggregate></queryItem></querySubject><relationship status="invalid"><name>Vergelijking &lt;--&gt; Databron</name><expression><refobj>[ML_Input].[Vergelijking].[ReferentieDatabronNaam]</refobj> = <refobj>[ML_Input].[Databron].[DatabronNaam]</refobj></expression><left><refobj>[ML_Input].[Vergelijking]</refobj><mincard>one</mincard><maxcard>one</maxcard></left><right><refobj>[ML_Input].[Databron]</refobj><mincard>one</mincard><maxcard>one</maxcard></right></relationship><relationship status="invalid"><name>Vergelijking &lt;--&gt; Databron1</name><expression><refobj>[ML_Input].[Vergelijking].[AnalyseDatabronNaam]</refobj> = <refobj>[ML_Input].[Databron].[DatabronNaam]</refobj></expression><left><refobj>[ML_Input].[Vergelijking]</refobj><mincard>one</mincard><maxcard>one</maxcard></left><right><refobj>[ML_Input].[Databron]</refobj><mincard>one</mincard><maxcard>one</maxcard></right></relationship><relationship status="invalid"><name>Controle &lt;--&gt; Databron</name><expression><refobj>[ML_Input].[Controle].[DatabronNaam]</refobj> = <refobj>[ML_Input].[Databron].[DatabronNaam]</refobj></expression><left><refobj>[ML_Input].[Controle]</refobj><mincard>one</mincard><maxcard>one</maxcard></left><right><refobj>[ML_Input].[Databron]</refobj><mincard>one</mincard><maxcard>one</maxcard></right></relationship></namespace><namespace><name locale="nl">ML_Resultaat</name><lastChanged>2019-10-11T08:41:27</lastChanged><lastChangedBy>Have ten, Hans</lastChangedBy><querySubject status="needsReevaluation"><name locale="nl">Output</name><lastChanged>2019-10-29T20:42:22</lastChanged><lastChangedBy>Have ten, Hans</lastChangedBy><definition><modelQuery><sql type="cognos">Select <column>*</column>from<table/></sql><filters/></modelQuery></definition><queryItem><name locale="nl">VergelijkingNaam</name><lastChanged>2019-09-24T10:01:38</lastChanged><lastChangedBy>Have ten, Hans</lastChangedBy><expression><refobj>[Database laag].[ISPIEGEL_OUTPUT].[VERGELIJKINGNAAM]</refobj></expression><usage>attribute</usage><datatype>characterLength16</datatype><precision>255</precision><scale>0</scale><size>512</size><nullable>true</nullable><regularAggregate>unsupported</regularAggregate><semiAggregate>unsupported</semiAggregate><collationSequenceName>nl</collationSequenceName><collationSequenceLevel>1</collationSequenceLevel></queryItem><queryItem><name locale="nl">Tijdstip</name><lastChanged>2019-09-24T09:57:09</lastChanged><lastChangedBy>Have ten, Hans</lastChangedBy><expression><refobj>[Database laag].[ISPIEGEL_OUTPUT].[TIJDSTIP]</refobj></expression><usage>identifier</usage><datatype>dateTime</datatype><precision>0</precision><scale>0</scale><size>12</size><nullable>true</nullable><regularAggregate>unsupported</regularAggregate><semiAggregate>unsupported</semiAggregate><collationSequenceName>nl</collationSequenceName><collationSequenceLevel>1</collationSequenceLevel></queryItem><queryItem><name locale="nl">Outputid</name><lastChanged>2019-09-24T10:04:29</lastChanged><lastChangedBy>Have ten, Hans</lastChangedBy><expression><refobj>[Database laag].[ISPIEGEL_OUTPUT].[OUTPUTID]</refobj></expression><usage>identifier</usage><datatype>float64</datatype><precision>0</precision><scale>0</scale><size>8</size><nullable>false</nullable><regularAggregate>count</regularAggregate><semiAggregate>unsupported</semiAggregate><collationSequenceName>nl</collationSequenceName><collationSequenceLevel>1</collationSequenceLevel></queryItem><queryItem><name locale="nl">Configuratie</name><lastChanged>2019-09-26T08:38:19</lastChanged><lastChangedBy>Have ten, Hans</lastChangedBy><expression><refobj>[Database laag].[ISPIEGEL_OUTPUT].[CONFIGURATIE]</refobj></expression><usage>attribute</usage><datatype>textBlob</datatype><precision>0</precision><scale>0</scale><size>4</size><nullable>true</nullable><regularAggregate>unsupported</regularAggregate><semiAggregate>unsupported</semiAggregate><collationSequenceName>nl</collationSequenceName><collationSequenceLevel>2</collationSequenceLevel></queryItem><queryItem><name locale="nl">AnalyseNaam</name><lastChanged>2019-09-24T10:01:29</lastChanged><lastChangedBy>Have ten, Hans</lastChangedBy><expression><refobj>[Database laag].[ISPIEGEL_OUTPUT].[ANALYSENAAM]</refobj></expression><usage>attribute</usage><datatype>characterLength16</datatype><precision>255</precision><scale>0</scale><size>512</size><nullable>true</nullable><regularAggregate>unsupported</regularAggregate><semiAggregate>unsupported</semiAggregate><collationSequenceName>nl</collationSequenceName><collationSequenceLevel>1</collationSequenceLevel></queryItem><queryItem><name locale="nl">ReferentieNaam</name><lastChanged>2019-09-24T10:01:33</lastChanged><lastChangedBy>Have ten, Hans</lastChangedBy><expression><refobj>[Database laag].[ISPIEGEL_OUTPUT].[REFERENTIENAAM]</refobj></expression><usage>attribute</usage><datatype>characterLength16</datatype><precision>255</precision><scale>0</scale><size>512</size><nullable>true</nullable><regularAggregate>unsupported</regularAggregate><semiAggregate>unsupported</semiAggregate><collationSequenceName>nl</collationSequenceName><collationSequenceLevel>1</collationSequenceLevel></queryItem><queryItem><name locale="nl">AnalyseQuery</name><lastChanged>2019-09-26T08:38:57</lastChanged><lastChangedBy>Have ten, Hans</lastChangedBy><expression><refobj>[Database laag].[ISPIEGEL_OUTPUT].[ANALYSEQUERY]</refobj></expression><usage>attribute</usage><datatype>textBlob</datatype><precision>0</precision><scale>0</scale><size>4</size><nullable>true</nullable><regularAggregate>unsupported</regularAggregate><semiAggregate>unsupported</semiAggregate><collationSequenceName>nl</collationSequenceName><collationSequenceLevel>2</collationSequenceLevel></queryItem><queryItem><name locale="nl">ReferentieQuery</name><lastChanged>2019-09-26T08:39:20</lastChanged><lastChangedBy>Have ten, Hans</lastChangedBy><expression><refobj>[Database laag].[ISPIEGEL_OUTPUT].[REFERENTIEQUERY]</refobj></expression><usage>attribute</usage><datatype>textBlob</datatype><precision>0</precision><scale>0</scale><size>4</size><nullable>true</nullable><regularAggregate>unsupported</regularAggregate><semiAggregate>unsupported</semiAggregate><collationSequenceName>nl</collationSequenceName><collationSequenceLevel>2</collationSequenceLevel></queryItem><queryItem><name locale="nl">AnalyseApplicatie</name><lastChanged>2019-09-24T10:01:02</lastChanged><lastChangedBy>Have ten, Hans</lastChangedBy><expression><refobj>[Database laag].[ISPIEGEL_OUTPUT].[ANALYSEAPPLICATIE]</refobj></expression><usage>attribute</usage><datatype>characterLength16</datatype><precision>255</precision><scale>0</scale><size>512</size><nullable>true</nullable><regularAggregate>unsupported</regularAggregate><semiAggregate>unsupported</semiAggregate><collationSequenceName>nl</collationSequenceName><collationSequenceLevel>1</collationSequenceLevel></queryItem><queryItem><name locale="nl">ReferentieApplicatie</name><lastChanged>2019-09-24T10:01:08</lastChanged><lastChangedBy>Have ten, Hans</lastChangedBy><expression><refobj>[Database laag].[ISPIEGEL_OUTPUT].[REFERENTIEAPPLICATIE]</refobj></expression><usage>attribute</usage><datatype>characterLength16</datatype><precision>255</precision><scale>0</scale><size>512</size><nullable>true</nullable><regularAggregate>unsupported</regularAggregate><semiAggregate>unsupported</semiAggregate><collationSequenceName>nl</collationSequenceName><collationSequenceLevel>1</collationSequenceLevel></queryItem><queryItem><name locale="nl">AnalyseGemeentecode</name><lastChanged>2019-09-24T10:00:55</lastChanged><lastChangedBy>Have ten, Hans</lastChangedBy><expression><refobj>[Database laag].[ISPIEGEL_OUTPUT].[ANALYSEGEMEENTECODE]</refobj></expression><usage>attribute</usage><datatype>characterLength16</datatype><precision>255</precision><scale>0</scale><size>512</size><nullable>true</nullable><regularAggregate>unsupported</regularAggregate><semiAggregate>unsupported</semiAggregate><collationSequenceName>nl</collationSequenceName><collationSequenceLevel>1</collationSequenceLevel></queryItem><queryItem><name locale="nl">ReferentieGemeentecode</name><lastChanged>2019-09-24T10:00:58</lastChanged><lastChangedBy>Have ten, Hans</lastChangedBy><expression><refobj>[Database laag].[ISPIEGEL_OUTPUT].[REFERENTIEGEMEENTECODE]</refobj></expression><usage>attribute</usage><datatype>characterLength16</datatype><precision>255</precision><scale>0</scale><size>512</size><nullable>true</nullable><regularAggregate>unsupported</regularAggregate><semiAggregate>unsupported</semiAggregate><collationSequenceName>nl</collationSequenceName><collationSequenceLevel>1</collationSequenceLevel></queryItem><queryItem><name locale="nl">Rapporttype</name><lastChanged>2020-12-01T10:05:20</lastChanged><lastChangedBy>Have ten, Hans</lastChangedBy><expression><refobj>[Database laag].[ISPIEGEL_OUTPUT].[RAPPORTTYPE]</refobj> </expression><usage>attribute</usage><datatype>characterLength16</datatype><precision>255</precision><scale>0</scale><size>512</size><nullable>true</nullable><regularAggregate>count</regularAggregate><semiAggregate>sum</semiAggregate></queryItem><queryItem><name locale="nl">Percentage</name><lastChanged>2019-09-24T09:59:33</lastChanged><lastChangedBy>Have ten, Hans</lastChangedBy><expression><refobj>[Database laag].[ISPIEGEL_OUTPUT].[PERCENTAGE]</refobj></expression><usage>fact</usage><datatype>float64</datatype><precision>0</precision><scale>0</scale><size>8</size><nullable>true</nullable><regularAggregate>sum</regularAggregate><semiAggregate>sum</semiAggregate><collationSequenceName>nl</collationSequenceName><collationSequenceLevel>1</collationSequenceLevel></queryItem><queryItem><name locale="nl">AnalyseAantal</name><lastChanged>2019-09-24T10:00:46</lastChanged><lastChangedBy>Have ten, Hans</lastChangedBy><expression><refobj>[Database laag].[ISPIEGEL_OUTPUT].[ANALYSEAANTAL]</refobj></expression><usage>fact</usage><datatype>float64</datatype><precision>0</precision><scale>0</scale><size>8</size><nullable>true</nullable><regularAggregate>sum</regularAggregate><semiAggregate>sum</semiAggregate><collationSequenceName>nl</collationSequenceName><collationSequenceLevel>1</collationSequenceLevel></queryItem><queryItem><name locale="nl">GelijkAantal</name><lastChanged>2019-09-24T10:00:40</lastChanged><lastChangedBy>Have ten, Hans</lastChangedBy><expression><refobj>[Database laag].[ISPIEGEL_OUTPUT].[GELIJKAANTAL]</refobj></expression><usage>fact</usage><datatype>float64</datatype><precision>0</precision><scale>0</scale><size>8</size><nullable>true</nullable><regularAggregate>sum</regularAggregate><semiAggregate>sum</semiAggregate><collationSequenceName>nl</collationSequenceName><collationSequenceLevel>1</collationSequenceLevel></queryItem><queryItem><name locale="nl">AfwijkingAantal</name><lastChanged>2019-09-24T10:00:37</lastChanged><lastChangedBy>Have ten, Hans</lastChangedBy><expression><refobj>[Database laag].[ISPIEGEL_OUTPUT].[AFWIJKINGAANTAL]</refobj></expression><usage>fact</usage><datatype>float64</datatype><precision>0</precision><scale>0</scale><size>8</size><nullable>true</nullable><regularAggregate>sum</regularAggregate><semiAggregate>sum</semiAggregate><collationSequenceName>nl</collationSequenceName><collationSequenceLevel>1</collationSequenceLevel></queryItem><queryItem><name locale="nl">NietGevondenAantal</name><lastChanged>2019-09-24T10:00:29</lastChanged><lastChangedBy>Have ten, Hans</lastChangedBy><expression><refobj>[Database laag].[ISPIEGEL_OUTPUT].[NIETGEVONDENAANTAL]</refobj></expression><usage>fact</usage><datatype>float64</datatype><precision>0</precision><scale>0</scale><size>8</size><nullable>true</nullable><regularAggregate>sum</regularAggregate><semiAggregate>sum</semiAggregate><collationSequenceName>nl</collationSequenceName><collationSequenceLevel>1</collationSequenceLevel></queryItem><queryItem><name locale="nl">ReferentieAantal</name><lastChanged>2019-09-24T10:00:50</lastChanged><lastChangedBy>Have ten, Hans</lastChangedBy><expression><refobj>[Database laag].[ISPIEGEL_OUTPUT].[REFERENTIEAANTAL]</refobj></expression><usage>fact</usage><datatype>float64</datatype><precision>0</precision><scale>0</scale><size>8</size><nullable>true</nullable><regularAggregate>sum</regularAggregate><semiAggregate>sum</semiAggregate><collationSequenceName>nl</collationSequenceName><collationSequenceLevel>1</collationSequenceLevel></queryItem><queryItem><name locale="nl">Looptijd</name><lastChanged>2019-09-24T10:00:32</lastChanged><lastChangedBy>Have ten, Hans</lastChangedBy><expression><refobj>[Database laag].[ISPIEGEL_OUTPUT].[LOOPTIJD]</refobj></expression><usage>fact</usage><datatype>float64</datatype><precision>0</precision><scale>0</scale><size>8</size><nullable>true</nullable><regularAggregate>sum</regularAggregate><semiAggregate>sum</semiAggregate><collationSequenceName>nl</collationSequenceName><collationSequenceLevel>1</collationSequenceLevel></queryItem></querySubject><relationship status="valid"><name>Output &lt;--&gt; Outputline</name><expression><refobj>[ML_Resultaat].[Output].[Outputid]</refobj> = <refobj>[ML_Resultaat].[Outputline].[Outputid]</refobj></expression><left><refobj>[ML_Resultaat].[Output]</refobj><mincard>one</mincard><maxcard>one</maxcard></left><right><refobj>[ML_Resultaat].[Outputline]</refobj><mincard>zero</mincard><maxcard>many</maxcard></right></relationship><querySubject status="needsReevaluation"><name locale="nl">Outputline</name><lastChanged>2019-10-29T20:42:23</lastChanged><lastChangedBy>Have ten, Hans</lastChangedBy><definition><modelQuery><sql type="cognos">Select <column>*</column>from<table/></sql></modelQuery></definition><queryItem><name locale="nl">Outputid</name><lastChanged>2019-09-24T10:04:35</lastChanged><lastChangedBy>Have ten, Hans</lastChangedBy><expression><refobj>[Database laag].[ISPIEGEL_OUTPUTLINE].[OUTPUTID]</refobj></expression><usage>identifier</usage><datatype>float64</datatype><precision>0</precision><scale>0</scale><size>8</size><nullable>false</nullable><regularAggregate>count</regularAggregate><semiAggregate>unsupported</semiAggregate><collationSequenceName>nl</collationSequenceName><collationSequenceLevel>1</collationSequenceLevel></queryItem><queryItem><name locale="nl">Regelnummer</name><lastChanged>2019-09-24T10:04:52</lastChanged><lastChangedBy>Have ten, Hans</lastChangedBy><expression><refobj>[Database laag].[ISPIEGEL_OUTPUTLINE].[REGELNUMMER]</refobj></expression><usage>identifier</usage><datatype>float64</datatype><precision>0</precision><scale>0</scale><size>8</size><nullable>false</nullable><regularAggregate>count</regularAggregate><semiAggregate>unsupported</semiAggregate><collationSequenceName>nl</collationSequenceName><collationSequenceLevel>1</collationSequenceLevel></queryItem><queryItem><name locale="nl">Status</name><lastChanged>2019-09-24T10:04:55</lastChanged><lastChangedBy>Have ten, Hans</lastChangedBy><expression><refobj>[Database laag].[ISPIEGEL_OUTPUTLINE].[STATUS]</refobj></expression><usage>attribute</usage><datatype>characterLength16</datatype><precision>255</precision><scale>0</scale><size>512</size><nullable>true</nullable><regularAggregate>unsupported</regularAggregate><semiAggregate>unsupported</semiAggregate><collationSequenceName>nl</collationSequenceName><collationSequenceLevel>1</collationSequenceLevel></queryItem><queryItem><name locale="nl">Controle</name><lastChanged>2019-09-24T10:04:59</lastChanged><lastChangedBy>Have ten, Hans</lastChangedBy><expression><refobj>[Database laag].[ISPIEGEL_OUTPUTLINE].[CONTROLE]</refobj></expression><usage>attribute</usage><datatype>characterLength16</datatype><precision>255</precision><scale>0</scale><size>512</size><nullable>true</nullable><regularAggregate>unsupported</regularAggregate><semiAggregate>unsupported</semiAggregate><collationSequenceName>nl</collationSequenceName><collationSequenceLevel>1</collationSequenceLevel></queryItem><queryItem><name locale="nl">Sleutel</name><lastChanged>2019-09-26T08:40:23</lastChanged><lastChangedBy>Have ten, Hans</lastChangedBy><expression><refobj>[Database laag].[ISPIEGEL_OUTPUTLINE].[SLEUTEL]</refobj></expression><usage>attribute</usage><datatype>textBlob</datatype><precision>0</precision><scale>0</scale><size>4</size><nullable>true</nullable><regularAggregate>unsupported</regularAggregate><semiAggregate>unsupported</semiAggregate><collationSequenceName>nl</collationSequenceName><collationSequenceLevel>2</collationSequenceLevel></queryItem><queryItem><name locale="nl">AnalyseSleutelwaarde</name><lastChanged>2019-09-24T10:06:28</lastChanged><lastChangedBy>Have ten, Hans</lastChangedBy><expression><refobj>[Database laag].[ISPIEGEL_OUTPUTLINE].[ANALYSESLEUTELWAARDE]</refobj></expression><usage>attribute</usage><datatype>characterLength16</datatype><precision>255</precision><scale>0</scale><size>512</size><nullable>true</nullable><regularAggregate>unsupported</regularAggregate><semiAggregate>unsupported</semiAggregate><collationSequenceName>nl</collationSequenceName><collationSequenceLevel>1</collationSequenceLevel></queryItem><queryItem><name locale="nl">ReferentieSleutelwaarde</name><lastChanged>2019-09-24T10:06:35</lastChanged><lastChangedBy>Have ten, Hans</lastChangedBy><expression><refobj>[Database laag].[ISPIEGEL_OUTPUTLINE].[REFERENTIESLEUTELWAARDE]</refobj></expression><usage>attribute</usage><datatype>characterLength16</datatype><precision>255</precision><scale>0</scale><size>512</size><nullable>true</nullable><regularAggregate>unsupported</regularAggregate><semiAggregate>unsupported</semiAggregate><collationSequenceName>nl</collationSequenceName><collationSequenceLevel>1</collationSequenceLevel></queryItem><queryItem><name locale="nl">AnalyseVeldwaarde</name><lastChanged>2019-09-24T10:06:49</lastChanged><lastChangedBy>Have ten, Hans</lastChangedBy><expression><refobj>[Database laag].[ISPIEGEL_OUTPUTLINE].[ANALYSEVELDWAARDE]</refobj></expression><usage>attribute</usage><datatype>characterLength16</datatype><precision>255</precision><scale>0</scale><size>512</size><nullable>true</nullable><regularAggregate>unsupported</regularAggregate><semiAggregate>unsupported</semiAggregate><collationSequenceName>nl</collationSequenceName><collationSequenceLevel>1</collationSequenceLevel></queryItem><queryItem><name locale="nl">ReferentieVeldwaarde</name><lastChanged>2019-09-24T10:06:54</lastChanged><lastChangedBy>Have ten, Hans</lastChangedBy><expression><refobj>[Database laag].[ISPIEGEL_OUTPUTLINE].[REFERENTIEVELDWAARDE]</refobj></expression><usage>attribute</usage><datatype>characterLength16</datatype><precision>255</precision><scale>0</scale><size>512</size><nullable>true</nullable><regularAggregate>unsupported</regularAggregate><semiAggregate>unsupported</semiAggregate><collationSequenceName>nl</collationSequenceName><collationSequenceLevel>1</collationSequenceLevel></queryItem><queryItem><name locale="nl">AnalyseWaarde</name><lastChanged>2019-09-26T08:40:42</lastChanged><lastChangedBy>Have ten, Hans</lastChangedBy><expression><refobj>[Database laag].[ISPIEGEL_OUTPUTLINE].[ANALYSEWAARDE]</refobj></expression><usage>attribute</usage><datatype>textBlob</datatype><precision>0</precision><scale>0</scale><size>4</size><nullable>true</nullable><regularAggregate>unsupported</regularAggregate><semiAggregate>unsupported</semiAggregate><collationSequenceName>nl</collationSequenceName><collationSequenceLevel>2</collationSequenceLevel></queryItem><queryItem><name locale="nl">ReferentieWaarde</name><lastChanged>2019-09-26T08:40:55</lastChanged><lastChangedBy>Have ten, Hans</lastChangedBy><expression><refobj>[Database laag].[ISPIEGEL_OUTPUTLINE].[REFERENTIEWAARDE]</refobj></expression><usage>attribute</usage><datatype>textBlob</datatype><precision>0</precision><scale>0</scale><size>4</size><nullable>true</nullable><regularAggregate>unsupported</regularAggregate><semiAggregate>unsupported</semiAggregate><collationSequenceName>nl</collationSequenceName><collationSequenceLevel>2</collationSequenceLevel></queryItem><queryItem><name locale="nl">AnalyseRegel</name><lastChanged>2019-09-26T08:41:11</lastChanged><lastChangedBy>Have ten, Hans</lastChangedBy><expression><refobj>[Database laag].[ISPIEGEL_OUTPUTLINE].[ANALYSEREGEL]</refobj></expression><usage>attribute</usage><datatype>textBlob</datatype><precision>0</precision><scale>0</scale><size>4</size><nullable>true</nullable><regularAggregate>unsupported</regularAggregate><semiAggregate>unsupported</semiAggregate><collationSequenceName>nl</collationSequenceName><collationSequenceLevel>2</collationSequenceLevel></queryItem><queryItem><name locale="nl">ReferentieRegel</name><lastChanged>2019-09-26T08:41:22</lastChanged><lastChangedBy>Have ten, Hans</lastChangedBy><expression><refobj>[Database laag].[ISPIEGEL_OUTPUTLINE].[REFERENTIEREGEL]</refobj></expression><usage>attribute</usage><datatype>textBlob</datatype><precision>0</precision><scale>0</scale><size>4</size><nullable>true</nullable><regularAggregate>unsupported</regularAggregate><semiAggregate>unsupported</semiAggregate><collationSequenceName>nl</collationSequenceName><collationSequenceLevel>2</collationSequenceLevel></queryItem></querySubject><querySubject status="valid"><name locale="nl">Rechten</name><lastChanged>2020-06-04T09:23:41</lastChanged><lastChangedBy>Have ten, Hans</lastChangedBy><definition><dbQuery><sources><dataSourceRef>[].[dataSources].[iSpiegel]</dataSourceRef></sources><sql type="cognos">Select 
	ISPIEGEL_VERGELIJKING.VERGELIJKINGNAAM,
	ISPIEGEL_VERGELIJKING.ROLCOGNOSBEKIJKANALYSE,
	ISPIEGEL_VERGELIJKING.ROLCOGNOSBEKIJKREFERENTIE 
From 
	[iSpiegel].ISPIEGEL_VERGELIJKING as ISPIEGEL_VERGELIJKING

Union

Select 
	ISPIEGEL_CONTROLE.CONTROLENAAM,
	ISPIEGEL_CONTROLE.ROLCOGNOSBEKIJKANALYSE,
	NULL
From 
	[iSpiegel].ISPIEGEL_CONTROLE as ISPIEGEL_CONTROLE</sql></dbQuery></definition><queryItem><name locale="nl">Vergelijkingnaam</name><lastChanged>2020-05-26T11:20:14</lastChanged><lastChangedBy>Have ten, Hans</lastChangedBy><externalName>VERGELIJKINGNAAM</externalName><usage>attribute</usage><datatype>characterLength16</datatype><precision>255</precision><scale>0</scale><size>512</size><nullable>false</nullable><regularAggregate>unsupported</regularAggregate><semiAggregate>unsupported</semiAggregate></queryItem><queryItem><name locale="nl">RolCognosBekijkAnalyse</name><lastChanged>2020-06-04T09:24:08</lastChanged><lastChangedBy>Have ten, Hans</lastChangedBy><externalName>ROLCOGNOSBEKIJKANALYSE</externalName><usage>attribute</usage><datatype>characterLength16</datatype><precision>255</precision><scale>0</scale><size>512</size><nullable>true</nullable><regularAggregate>unsupported</regularAggregate><semiAggregate>unsupported</semiAggregate></queryItem><queryItem><name locale="nl">RolCognosBekijkReferentie</name><lastChanged>2020-06-04T09:24:17</lastChanged><lastChangedBy>Have ten, Hans</lastChangedBy><externalName>ROLCOGNOSBEKIJKREFERENTIE</externalName><usage>attribute</usage><datatype>characterLength16</datatype><precision>255</precision><scale>0</scale><size>512</size><nullable>true</nullable><regularAggregate>unsupported</regularAggregate><semiAggregate>unsupported</semiAggregate></queryItem></querySubject><relationship status="invalid"><name>Rechten &lt;--&gt; Output</name><expression><refobj>[ML_Resultaat].[Rechten].[Vergelijkingnaam]</refobj> = <refobj>[ML_Resultaat].[Output].[VergelijkingNaam]</refobj></expression><left><refobj>[ML_Resultaat].[Rechten]</refobj><mincard>one</mincard><maxcard>one</maxcard></left><right><refobj>[ML_Resultaat].[Output]</refobj><mincard>zero</mincard><maxcard>many</maxcard></right></relationship></namespace><relationship status="valid"><name>Vergelijking &lt;--&gt; Output</name><expression><refobj>[ML_Input].[Vergelijking].[VergelijkingNaam]</refobj> = <refobj>[ML_Resultaat].[Output].[VergelijkingNaam]</refobj></expression><left><refobj>[ML_Input].[Vergelijking]</refobj><mincard>one</mincard><maxcard>one</maxcard></left><right><refobj>[ML_Resultaat].[Output]</refobj><mincard>zero</mincard><maxcard>many</maxcard></right></relationship><relationship status="invalid"><name>Controle &lt;--&gt; Output</name><expression><refobj>[ML_Input].[Controle].[ControleNaam]</refobj> = <refobj>[ML_Resultaat].[Output].[VergelijkingNaam]</refobj></expression><left><refobj>[ML_Input].[Controle]</refobj><mincard>one</mincard><maxcard>one</maxcard></left><right><refobj>[ML_Resultaat].[Output]</refobj><mincard>zero</mincard><maxcard>many</maxcard></right></relationship></namespace><namespace><name locale="nl">Presentatie laag</name><lastChanged>2019-10-28T13:38:13</lastChanged><lastChangedBy>Have ten, Hans</lastChangedBy><shortcut><name locale="nl">PL_Filters</name><lastChanged>2019-10-28T13:39:47</lastChanged><lastChangedBy>Have ten, Hans</lastChangedBy><refobj>[Model laag].[Filters]</refobj><targetType>folder</targetType></shortcut><shortcut><name locale="nl">PL_Input</name><lastChanged>2019-10-28T13:39:42</lastChanged><lastChangedBy>Have ten, Hans</lastChangedBy><refobj>[ML_Input]</refobj><targetType>namespace</targetType></shortcut><shortcut><name locale="nl">PL_Resultaat</name><lastChanged>2019-10-28T13:39:53</lastChanged><lastChangedBy>Have ten, Hans</lastChangedBy><refobj>[ML_Resultaat]</refobj><targetType>namespace</targetType></shortcut></namespace><shortcut><name locale="nl">Filters</name><lastChanged>2019-10-28T13:40:34</lastChanged><lastChangedBy>Have ten, Hans</lastChangedBy><refobj>[Model laag].[Filters]</refobj><targetType>folder</targetType></shortcut><shortcut><name locale="nl">Input</name><lastChanged>2019-10-28T13:40:38</lastChanged><lastChangedBy>Have ten, Hans</lastChangedBy><refobj>[ML_Input]</refobj><targetType>namespace</targetType></shortcut><shortcut><name locale="nl">Resultaat</name><lastChanged>2019-10-28T13:40:42</lastChanged><lastChangedBy>Have ten, Hans</lastChangedBy><refobj>[ML_Resultaat]</refobj><targetType>namespace</targetType></shortcut></namespace>
	<dataSources><dataSource><name>iSpiegel</name><queryProcessing>limitedLocal</queryProcessing><cmDataSource>iSpiegel</cmDataSource><schema>ISPIEGEL</schema><type><queryType>relational</queryType><interface>OR</interface></type></dataSource></dataSources>
	<parameterMaps>
		<parameterMap hidden="true">
			<name>_env</name>
			<!--This reserved map supplies default values for session variables.-->
		</parameterMap>
		<parameterMap hidden="true">
			<name>_governor</name>
			<!--This reserved map specifies query governor limits.-->
		</parameterMap>
	<parameterMap><name>PT_Rechten</name></parameterMap><parameterMap><name>Beveiligingsrollen</name><defaultValue>dbr</defaultValue><parameterMapEntry><key>dbr</key><value>iSpiegel</value></parameterMapEntry></parameterMap></parameterMaps>
	<securityViews><securityView><name>iSpiegel</name><definition><set includeRule="include"><refobj>[iSpiegel]</refobj></set><set includeRule="hide"><refobj>[Model laag]</refobj><refobj>[Presentatie laag]</refobj><refobj>[Database laag]</refobj></set></definition><access/><functionSets><functionSet><functionSetID>V_Oracle</functionSetID></functionSet><functionSet><functionSetID>V_SQLServer</functionSetID></functionSet></functionSets></securityView></securityViews>
	<packages><package><name locale="nl">iSpiegel</name><description locale="nl"/><lastChanged>2020-11-26T10:09:58</lastChanged><lastChangedBy>Have ten, Hans</lastChangedBy><screenTip locale="nl"/><lastPublished>2020-11-26T10:09:58</lastPublished><lastPublishedCMPath>/content/folder[@name=&apos;Werkmappen&apos;]/folder[@name=&apos;NF - Informatieadvies Gegevens &amp; Applicaties&apos;]/folder[@name=&apos;Ontwikkeling - iSpiegel&apos;]/folder[@name=&apos;Release&apos;]</lastPublishedCMPath><locales><locale>nl</locale></locales><definition><viewref>[].[securityViews].[iSpiegel]</viewref></definition><adminAccess/><useV5DataServer>false</useV5DataServer></package></packages>
</project>
